repoistory,bundle,neptune100,goodix_gr5515,niobeu4,hpm6750evk2,lingpi,bearpi_hm_micro,bearpi_hm_nano,lango200,bes2600,cst85_wblink,hispark_pegasus,hispark_aries,hispark_taurus_LiteOS,hispark_taurus_Linux,hispark_taurus_standard,b91_devkit,API_Guard,L0_Emulator,L0_Riscv_Emulator,L1_Emulator,dayu200-arm64,ohos-sdk,dayu200_tdd,rk3568,hispark_taurus_ark,hispark_taurus_ark_runtime,hispark_taurus_ark_unittest,dayu200,dayu200_xts,L0_esp32_qemu,L0_SmartL_E802_qemu,watchOS,dayu200_asan,qemu-arm-linux-min,qemu-arm-linux-headless,Emulator,isoftstone_zhiyuan,hispark_phoenix,milos_dk_n_8mini_build,unionpi_tiger,LLVM,TEST_hispark_aries,TEST_hispark_taurus_Linux,TEST_hispark_taurus_LiteOS,TEST_hispark_taurus_L2,TEST_dayu200,TEST_dayu200-arm64
ability_ability_lite,@ohos/ability_ability_lite,N,Y,N,N,N,N,N,N,Y,N,Y,N,Y,Y,N,N,Y,Y,Y,Y,N,N,N,N,N,N,N,N,N,Y,Y,N,N,N,N,Y,N,N,N,N,N,ability_test_pageAbilityTest_lv0.bin,ability_test_pageAbilityTest_lv0.bin,ability_test_pageAbilityTest_lv0.bin,,,
ability_ability_runtime,@ohos/ability_ability_runtime,N,N,N,N,N,N,N,N,N,N,N,N,N,N,Y,N,N,N,N,N,Y,Y,Y,N,N,N,N,Y,N,N,N,Y,Y,N,Y,N,N,N,N,N,N,,,,"ability_manager_proxy_test
ability_manager_stub_test
ability_record_test
ability_scheduler_proxy_test
ability_scheduler_stub_test
ability_token_proxy_test
ability_token_stub_test
app_scheduler_test
lifecycle_deal_test","ability_manager_proxy_test
ability_manager_stub_test
ability_record_test
ability_scheduler_proxy_test
ability_scheduler_stub_test
ability_token_proxy_test
ability_token_stub_test
app_scheduler_test
lifecycle_deal_test","ability_manager_proxy_test
ability_manager_stub_test
ability_record_test
ability_scheduler_proxy_test
ability_scheduler_stub_test
ability_token_proxy_test
ability_token_stub_test
app_scheduler_test
lifecycle_deal_test"
ability_ability_base,@ohos/ability_ability_base,N,N,N,N,N,N,N,N,N,N,N,N,N,N,Y,N,N,N,N,N,Y,N,Y,Y,N,N,N,Y,N,N,N,Y,Y,N,Y,N,N,N,N,N,N,,,,"want_receiver_proxy_test
want_receiver_stub_test
want_sender_proxy_test
want_sender_stub_test","want_receiver_proxy_test
want_receiver_stub_test
want_sender_proxy_test
want_sender_stub_test","want_receiver_proxy_test
want_receiver_stub_test
want_sender_proxy_test
want_sender_stub_test"
ability_form_fwk,@ohos/ability_form_fwk,N,N,N,N,N,N,N,N,N,N,N,N,N,N,Y,N,N,N,N,N,Y,N,Y,Y,N,N,N,Y,N,N,N,Y,Y,N,Y,N,N,N,N,N,N,,,,EventLogTest,EventLogTest,EventLogTest
ability_idl_tool,@ohos/ability_idl_tool,N,N,N,N,N,N,N,N,N,N,N,N,N,N,Y,N,N,N,N,N,Y,Y,Y,Y,N,N,N,Y,N,N,N,Y,Y,N,Y,N,N,N,N,N,N,,,,EventLogTest,EventLogTest,EventLogTest
account_os_account,@ohos/account_os_account,N,N,N,N,N,N,N,N,N,N,N,N,N,N,Y,N,N,N,N,N,Y,N,Y,Y,N,N,N,Y,N,N,N,Y,Y,N,Y,N,N,N,N,N,N,,,,"account_mgr_test
AccountSALogTest
AccountSAPerfTest
AccountDumpHelperTest
AccountSADataDealTest
AccountSAMgrStubTest
AccountEventProviderTest
account_mgr_test","EventLogTest
deviceauth_llt","EventLogTest
deviceauth_llt"
arkui_ace_engine,@ohos/arkui_ace_engine,N,N,N,N,N,N,N,N,N,N,N,N,Y,Y,Y,N,N,N,N,N,Y,Y,Y,N,N,N,N,Y,N,N,N,Y,Y,N,Y,N,N,N,N,N,N,,,,"ColorPropertyTest
RotationTest
SwiperComponentTest
ManifestWindowTest","EventLogTest
deviceauth_llt","EventLogTest
deviceauth_llt"
arkui_ace_engine_lite,@ohos/arkui_ace_engine_lite,N,N,N,N,N,N,N,N,Y,N,Y,Y,Y,Y,N,N,Y,Y,Y,Y,N,N,N,N,N,N,N,N,N,Y,Y,N,N,N,N,Y,N,N,N,N,N,,"js_frameworks_tdd_door.bin
js_frameworks_test_arc.bin
js_frameworks_test_cache_manager.bin
js_frameworks_test_console.bin
js_frameworks_test_data_binding.bin
js_frameworks_test_date_time.bin
js_frameworks_test_dfx.bin
js_frameworks_test_dialog.bin
js_frameworks_test_div.bin
js_frameworks_test_event_bubble.bin
js_frameworks_test_horizonprogress.bin
js_frameworks_test_image_path_support.bin
js_frameworks_test_input.bin
js_frameworks_test_input_event.bin
js_frameworks_test_jsbundle.bin
js_frameworks_test_jsfwk.bin
js_frameworks_test_jsiinterface.bin
js_frameworks_test_list.bin
js_frameworks_test_localization.bin
js_frameworks_test_marquee.bin
js_frameworks_test_marquee_event.bin
js_frameworks_test_number_format.bin
js_frameworks_test_opacity.bin
js_frameworks_test_percent.bin
js_frameworks_test_pickerview.bin
js_frameworks_test_radio_switch_width.bin
js_frameworks_test_slider.bin
js_frameworks_test_stylemgr.bin
js_frameworks_test_swiper.bin
js_frameworks_test_switch.bin
js_frameworks_test_text.bin
js_frameworks_test_text_exception.bin
js_frameworks_test_timer.bin","js_frameworks_tdd_door.bin
js_frameworks_test_arc.bin
js_frameworks_test_cache_manager.bin
js_frameworks_test_console.bin
js_frameworks_test_data_binding.bin
js_frameworks_test_date_time.bin
js_frameworks_test_dfx.bin
js_frameworks_test_dialog.bin
js_frameworks_test_div.bin
js_frameworks_test_event_bubble.bin
js_frameworks_test_horizonprogress.bin
js_frameworks_test_image_path_support.bin
js_frameworks_test_input.bin
js_frameworks_test_input_event.bin
js_frameworks_test_jsbundle.bin
js_frameworks_test_jsfwk.bin
js_frameworks_test_jsiinterface.bin
js_frameworks_test_list.bin
js_frameworks_test_localization.bin
js_frameworks_test_marquee.bin
js_frameworks_test_marquee_event.bin
js_frameworks_test_number_format.bin
js_frameworks_test_opacity.bin
js_frameworks_test_percent.bin
js_frameworks_test_pickerview.bin
js_frameworks_test_radio_switch_width.bin
js_frameworks_test_slider.bin
js_frameworks_test_stylemgr.bin
js_frameworks_test_swiper.bin
js_frameworks_test_switch.bin
js_frameworks_test_text.bin
js_frameworks_test_text_exception.bin
js_frameworks_test_timer.bin",,,
arkui_napi,@ohos/arkui_napi,N,N,N,N,N,N,N,N,N,N,N,N,N,N,Y,N,N,N,N,N,Y,Y,Y,Y,N,N,N,Y,N,N,N,Y,Y,N,Y,N,N,N,N,N,N,,,,test_quickjs_unittest,"EventLogTest
deviceauth_llt","EventLogTest
deviceauth_llt"
ai_engine,@ohos/ai_engine,N,N,N,N,N,N,N,N,N,N,Y,Y,Y,Y,Y,N,N,N,N,Y,Y,N,Y,Y,N,N,N,Y,N,N,N,Y,Y,N,N,Y,N,N,N,N,N,"ai_test_common_door.bin
ai_test_function_door.bin",,"ai_test_common_door.bin
ai_test_function_door.bin","EventLogTest
deviceauth_llt","EventLogTest
deviceauth_llt","EventLogTest
deviceauth_llt"
applications_app_samples,@ohos/applications_app_samples,N,N,N,N,N,N,N,N,N,N,N,N,N,N,Y,N,N,N,N,N,Y,N,Y,N,N,N,N,Y,N,N,N,N,Y,N,N,N,N,N,N,N,N,,,,,,
bundlemanager_bundle_framework_lite,@ohos/bundlemanager_bundle_framework_lite,N,Y,N,N,N,N,N,N,Y,N,N,Y,Y,Y,N,N,Y,Y,Y,Y,N,N,N,N,N,N,N,N,N,Y,Y,N,N,N,N,Y,N,N,N,N,N,,,,,,
bundlemanager_bundle_framework,@ohos/bundlemanager_bundle_framework,N,N,N,N,N,N,N,N,N,N,Y,N,Y,Y,Y,N,N,N,N,N,Y,Y,Y,Y,N,N,N,Y,N,N,N,Y,Y,Y,Y,Y,N,N,N,N,N,,,,"BmsBundleInstallerTest
BmsBundleUninstallerTest
BmsServiceStartupTest
BmsBundleParserTest","BmsBundleInstallerTest
BmsBundleUninstallerTest
BmsServiceStartupTest
BmsBundleParserTest","BmsBundleInstallerTest
BmsBundleUninstallerTest
BmsServiceStartupTest
BmsBundleParserTest"
applications_camera_sample_communication,@ohos/applications_camera_sample_communication,N,N,N,N,N,N,N,N,N,N,N,N,N,N,N,N,N,N,N,N,Y,N,Y,N,N,N,N,Y,N,N,N,N,Y,N,N,N,N,N,N,N,N,,,,,,
applications_camera_screensaver_app,@ohos/applications_camera_screensaver_app,N,N,N,N,N,N,N,N,N,N,N,N,N,N,N,N,N,N,N,N,N,N,N,N,N,N,N,N,N,N,N,N,N,N,N,N,N,N,N,N,N,,,,,,
applications_hap,@ohos/applications_hap,N,N,N,N,N,N,N,N,N,N,N,N,N,N,Y,N,N,N,N,N,Y,N,Y,Y,N,N,N,Y,N,N,N,Y,Y,N,N,N,N,N,N,N,N,,,,"EventLogTest
deviceauth_llt","EventLogTest
deviceauth_llt","EventLogTest
deviceauth_llt"
third_party_elfio,@ohos/third_party_elfio,N,N,N,N,N,N,N,N,N,N,N,N,N,Y,Y,N,N,N,N,Y,Y,Y,Y,N,N,N,Y,Y,N,N,N,N,Y,N,N,N,N,N,N,N,N,,,,,,
applications_launcher,@ohos/applications_launcher,N,N,N,N,N,N,N,N,N,N,N,N,N,N,Y,N,N,N,N,N,Y,N,Y,N,N,N,N,Y,N,N,N,N,Y,N,,N,N,N,N,N,N,,,,,,
applications_camera,@ohos/applications_camera,N,N,N,N,N,N,N,N,N,N,N,N,N,N,Y,N,N,N,N,N,N,N,N,N,N,N,N,N,N,N,N,N,N,N,,N,N,N,N,N,N,,,,,,
applications_sample_camera,@ohos/applications_sample_camera,N,N,N,N,N,N,N,N,Y,N,N,Y,Y,Y,N,N,N,N,N,Y,N,N,N,N,N,N,N,N,N,N,N,N,N,N,N,Y,N,N,N,N,N,,,,,,
applications_sample_wifi_iot,@ohos/applications_sample_wifi_iot,N,N,N,N,N,N,N,N,N,N,Y,N,N,N,Y,N,Y,Y,Y,N,Y,N,Y,Y,N,N,Y,Y,N,Y,Y,N,Y,Y,Y,Y,N,Y,N,N,N,,,,"EventLogTest
deviceauth_llt","EventLogTest
deviceauth_llt","EventLogTest
deviceauth_llt"
applications_settings,@ohos/applications_settings,N,N,N,N,N,N,N,N,N,N,N,N,N,N,Y,N,N,N,N,N,Y,N,Y,Y,N,N,N,Y,N,N,N,Y,Y,N,N,N,N,N,N,N,N,,,,"EventLogTest
deviceauth_llt","EventLogTest
deviceauth_llt","EventLogTest
deviceauth_llt"
applications_systemui,@ohos/applications_systemui,N,N,N,N,N,N,N,N,N,N,N,N,N,N,Y,N,N,N,N,N,Y,N,Y,N,N,N,N,Y,N,N,N,N,Y,N,,N,N,N,N,N,N,,,,,,
applications_screenlock,@ohos/applications_screenlock,N,N,N,N,N,N,N,N,N,N,N,N,N,N,Y,N,N,N,N,N,Y,N,Y,N,N,N,N,Y,N,N,N,N,Y,N,,N,N,N,N,N,N,,,,,,
applications_screenshot,@ohos/applications_screenshot,N,N,N,N,N,N,N,N,N,N,N,N,N,N,Y,N,N,N,N,N,Y,N,Y,N,N,N,N,Y,N,N,N,N,Y,N,,N,N,N,N,N,N,,,,,,
applications_settings_data,@ohos/applications_settings_data,N,N,N,N,N,N,N,N,N,N,N,N,N,N,Y,N,N,N,N,N,Y,N,Y,N,N,N,N,Y,N,N,N,N,Y,N,,N,N,N,N,N,N,,,,,,
applications_theme,@ohos/applications_theme,N,N,N,N,N,N,N,N,N,N,N,N,N,N,Y,N,N,N,N,N,Y,N,Y,N,N,N,N,Y,N,N,N,N,Y,N,,N,N,N,N,N,N,,,,,,
applications_contacts,@ohos/applications_contacts,N,N,N,N,N,N,N,N,N,N,N,N,N,N,Y,N,N,N,N,N,Y,N,Y,N,N,N,N,Y,N,N,N,N,Y,N,,N,N,N,N,N,N,,,,,,
applications_mms,@ohos/applications_mms,N,N,N,N,N,N,N,N,N,N,N,N,N,N,Y,N,N,N,N,N,Y,N,Y,N,N,N,N,Y,N,N,N,N,Y,N,,N,N,N,N,N,N,,,,,,
applications_filepicker,@ohos/applications_filepicker,N,N,N,N,N,N,N,N,N,N,N,N,N,N,Y,N,N,N,N,N,Y,N,Y,N,N,N,N,Y,N,N,N,N,Y,N,,N,N,N,N,N,N,,,,,,
applications_call,@ohos/applications_call,N,N,N,N,N,N,N,N,N,N,N,N,N,N,Y,N,N,N,N,N,Y,N,Y,N,N,N,N,Y,N,N,N,N,Y,N,,N,N,N,N,N,N,,,,,,
applications_contactsdata,@ohos/applications_contactsdata,N,N,N,N,N,N,N,N,N,N,N,N,N,N,Y,N,N,N,N,N,Y,N,Y,Y,N,N,N,Y,N,N,N,Y,Y,N,N,N,N,N,N,N,N,,,,"EventLogTest
deviceauth_llt","EventLogTest
deviceauth_llt","EventLogTest
deviceauth_llt"
applications_admin_provisioning,@ohos/applications_admin_provisioning,N,N,N,N,N,N,N,N,N,N,N,N,N,N,Y,N,N,N,N,N,Y,N,Y,Y,N,N,N,Y,N,N,N,N,Y,N,N,N,N,N,N,N,N,,,,,"EventLogTest
deviceauth_llt","EventLogTest
deviceauth_llt"
accessibility,@ohos/accessibility,N,N,N,N,N,N,N,N,N,N,N,N,N,N,Y,N,N,N,N,N,Y,N,Y,Y,N,N,N,Y,N,N,N,Y,Y,N,N,N,N,N,N,N,N,,,,"EventLogTest
deviceauth_llt","EventLogTest
deviceauth_llt","EventLogTest
deviceauth_llt"
build,@ohos/build,N,Y,N,N,N,N,Y,Y,Y,N,Y,Y,Y,Y,Y,N,Y,Y,Y,Y,Y,Y,Y,Y,N,N,N,Y,Y,Y,Y,Y,Y,Y,Y,Y,N,N,N,N,N,,,,"EventLogTest
deviceauth_llt","EventLogTest
deviceauth_llt","EventLogTest
deviceauth_llt"
build_lite,@ohos/build_lite,Y,Y,N,N,N,N,Y,Y,Y,N,Y,Y,Y,Y,Y,N,Y,Y,Y,Y,Y,N,Y,Y,N,N,N,Y,Y,Y,Y,Y,Y,Y,Y,Y,N,N,N,N,N,,,,"EventLogTest
deviceauth_llt","EventLogTest
deviceauth_llt","EventLogTest
deviceauth_llt"
codelabs,@ohos/codelabs,N,N,N,N,N,N,N,N,N,N,N,N,N,N,N,N,N,N,N,N,N,N,N,N,N,N,N,N,N,N,N,N,N,N,N,N,N,N,N,N,N,,,,,,
communication_bluetooth,@ohos/communication_bluetooth,Y,N,N,N,N,N,N,N,N,N,Y,N,N,N,Y,N,N,N,N,N,Y,N,Y,Y,N,N,N,Y,N,N,N,Y,Y,N,Y,N,N,N,N,N,N,,,,"EventLogTest
deviceauth_llt","EventLogTest
deviceauth_llt","EventLogTest
deviceauth_llt"
communication_nfc,@ohos/communication_nfc,N,N,N,N,N,N,N,N,N,N,N,N,N,N,Y,N,Y,N,N,N,Y,N,Y,Y,N,N,N,Y,N,N,N,N,Y,N,Y,N,N,N,N,N,N,,,,EventLogTest,EventLogTest,EventLogTest
communication_connected_nfc_tag,@ohos/communication_connected_nfc_tag,N,N,N,N,N,N,N,N,N,N,N,N,N,N,Y,N,Y,N,N,N,Y,N,Y,Y,N,N,N,Y,N,N,N,N,Y,N,Y,N,N,N,N,N,N,,,,EventLogTest,EventLogTest,EventLogTest
communication_netstack,@ohos/communication_netstack,N,N,N,N,N,N,N,Y,Y,N,Y,Y,Y,Y,Y,N,Y,Y,Y,Y,Y,N,Y,Y,N,N,N,Y,N,Y,Y,Y,Y,N,Y,Y,N,N,N,N,N,,,,"EventLogTest
deviceauth_llt","EventLogTest
deviceauth_llt","EventLogTest
deviceauth_llt"
communication_dsoftbus,@ohos/communication_dsoftbus,N,Y,N,N,N,N,Y,N,Y,N,Y,Y,Y,Y,Y,N,N,Y,Y,Y,Y,N,Y,N,N,N,N,Y,N,Y,Y,Y,Y,Y,Y,Y,N,N,N,N,N,,,,"DiscSdkTest
TransSdkTest","DiscSdkTest
TransSdkTest","DiscSdkTest
TransSdkTest"
communication_ipc,@ohos/communication_ipc,N,N,N,N,N,N,N,N,N,N,Y,N,Y,Y,Y,N,N,N,N,N,Y,N,Y,Y,N,N,N,Y,N,N,N,Y,Y,Y,Y,Y,N,N,N,N,N,,,,"EventLogTest
deviceauth_llt","EventLogTest
deviceauth_llt","EventLogTest
deviceauth_llt"
communication_netmanager_base,@ohos/communication_netmanager_base,N,N,N,N,N,N,N,N,N,N,N,N,N,N,Y,N,N,N,N,N,Y,N,Y,N,N,N,N,Y,N,N,N,Y,Y,N,Y,N,N,N,N,N,N,,,,"dns_resolver_manager_test
net_conn_manager_test
netd_native_manager_test
net_policy_manager_test
net_stats_manager_test","EventLogTest
deviceauth_llt","EventLogTest
deviceauth_llt"
communication_netmanager_ext,@ohos/communication_netmanager_ext,N,N,N,N,N,N,N,N,N,N,N,N,N,N,Y,N,N,N,N,N,Y,N,Y,Y,N,N,N,Y,N,N,N,Y,Y,N,Y,N,N,N,N,N,N,,,,ethernet_manager_test,"EventLogTest
deviceauth_llt","EventLogTest
deviceauth_llt"
communication_wifi,@ohos/communication_wifi,N,N,N,N,N,N,N,N,N,N,Y,N,Y,Y,Y,N,N,N,N,N,Y,N,Y,Y,N,N,N,Y,N,N,N,Y,Y,N,Y,N,N,N,N,N,N,,,,"EventLogTest
deviceauth_llt","EventLogTest
deviceauth_llt","EventLogTest
deviceauth_llt"
communication_wifi_aware,@ohos/communication_wifi_aware,N,N,N,N,N,N,Y,Y,Y,N,Y,N,Y,Y,N,N,N,Y,Y,N,N,N,N,N,N,N,N,N,N,Y,Y,N,N,N,N,Y,N,N,N,N,N,,,,,,
communication_wifi_lite,@ohos/communication_wifi_lite,Y,N,N,N,N,N,Y,N,Y,N,Y,N,Y,Y,N,N,Y,Y,Y,N,N,N,N,N,N,N,N,N,N,Y,Y,N,N,N,N,Y,N,N,N,N,N,,,,,,
community,@ohos/community,N,N,N,N,N,N,N,N,N,N,N,N,N,N,N,N,N,N,N,N,N,N,N,N,N,N,N,N,N,N,N,N,N,N,N,N,N,N,N,N,N,,,,,,
customization_config_policy,@ohos/customization_config_policy,N,N,N,N,N,N,N,N,Y,N,Y,Y,Y,Y,Y,N,Y,Y,N,N,Y,N,Y,Y,N,Y,N,Y,N,N,N,Y,Y,N,N,Y,N,N,N,N,N,,,,,ConfigPolicyUtilsTest,ConfigPolicyUtilsTest
customization_enterprise_device_management,@ohos/customization_enterprise_device_management,N,N,N,N,N,N,N,N,N,N,N,N,N,N,Y,N,Y,N,N,N,Y,N,Y,Y,N,N,N,Y,N,N,N,N,Y,N,N,N,N,N,N,N,N,,,,,"EventLogTest
deviceauth_llt","EventLogTest
deviceauth_llt"
developtools_bytrace,@ohos/developtools_bytrace,N,N,N,N,N,N,N,N,N,N,N,N,N,N,Y,N,N,N,N,N,Y,N,Y,Y,N,N,N,Y,N,N,N,Y,Y,Y,Y,Y,N,N,N,N,N,,,,BytraceNDKTest,"EventLogTest
deviceauth_llt","EventLogTest
deviceauth_llt"
developtools_hdc,@ohos/developtools_hdc,N,N,N,N,N,N,N,N,N,N,N,N,N,N,Y,N,N,N,N,N,Y,Y,Y,Y,N,N,N,Y,N,N,N,Y,Y,Y,Y,Y,N,N,N,N,N,,,,"EventLogTest
deviceauth_llt","EventLogTest
deviceauth_llt","EventLogTest
deviceauth_llt"
developtools_packing_tool,@ohos/developtools_packing_tool,N,Y,N,N,N,N,N,N,Y,N,Y,N,Y,Y,Y,N,N,N,N,Y,Y,Y,Y,Y,N,N,N,Y,N,N,N,Y,Y,N,N,Y,N,N,N,N,N,,,,"EventLogTest
deviceauth_llt","EventLogTest
deviceauth_llt","EventLogTest
deviceauth_llt"
developtools_profiler,@ohos/developtools_profiler,N,N,N,N,N,N,N,N,N,N,N,N,N,N,Y,N,N,N,N,N,Y,N,Y,Y,N,N,N,Y,N,N,N,Y,Y,N,N,N,N,N,N,N,N,,,,"EventLogTest
deviceauth_llt","EventLogTest
deviceauth_llt","EventLogTest
deviceauth_llt"
device_soc_hisilicon,@ohos/device_soc_hisilicon,N,N,N,N,N,N,Y,N,Y,N,Y,Y,Y,Y,Y,N,N,N,N,N,N,N,N,N,N,N,N,N,N,N,N,Y,N,N,N,N,N,Y,N,N,N,,,,"EventLogTest
deviceauth_llt","EventLogTest
deviceauth_llt","EventLogTest
deviceauth_llt"
device_board_hisilicon,@ohos/device_board_hisilicon,N,N,N,N,N,N,N,N,Y,N,Y,Y,Y,Y,Y,N,N,N,N,N,N,N,N,N,N,N,N,N,N,N,N,Y,N,N,N,N,N,Y,N,N,N,,,,"EventLogTest
deviceauth_llt","EventLogTest
deviceauth_llt","EventLogTest
deviceauth_llt"
device_hisilicon_third_party_ffmpeg,@ohos/device_hisilicon_ffmpeg,N,N,N,N,N,N,N,N,N,N,N,Y,Y,Y,N,N,N,N,N,N,N,N,N,N,N,N,N,N,N,N,N,N,N,N,N,N,N,N,N,N,N,,,,,,
third_party_u-boot,@ohos/device_hisilicon_uboot,N,N,N,N,N,N,N,N,N,N,N,N,N,N,Y,N,N,N,N,N,Y,N,Y,Y,N,N,N,Y,N,N,N,Y,Y,Y,Y,Y,N,N,N,N,N,,,,"EventLogTest
deviceauth_llt","EventLogTest
deviceauth_llt","EventLogTest
deviceauth_llt"
device_qemu,@ohos/device_qemu,N,N,N,N,N,N,N,N,N,N,N,N,N,N,N,N,N,Y,Y,Y,N,N,N,N,N,N,N,N,N,Y,Y,N,N,N,Y,Y,N,N,N,N,N,,,,,,
device_board_bearpi,@ohos/device_board_bearpi,N,N,N,N,N,Y,Y,N,N,N,N,N,N,N,N,N,N,N,N,N,N,N,N,N,N,N,N,N,N,N,N,N,N,N,N,N,N,N,N,N,N,,,,,,
distributeddatamgr_relational_store,@ohos/distributeddatamgr_relational_store,N,N,N,N,N,N,N,N,N,N,Y,N,Y,Y,Y,N,N,N,N,N,Y,Y,Y,Y,N,N,N,Y,N,N,N,Y,Y,N,Y,N,N,N,N,N,N,,,,"EventLogTest
deviceauth_llt","EventLogTest
deviceauth_llt","EventLogTest
deviceauth_llt"
distributeddatamgr_data_share,@ohos/distributeddatamgr_data_share,N,N,N,N,N,N,N,N,N,N,Y,N,Y,Y,Y,N,N,N,N,N,Y,N,Y,Y,N,N,N,Y,N,N,N,Y,Y,N,Y,N,N,N,N,N,N,,,,"EventLogTest
deviceauth_llt","EventLogTest
deviceauth_llt","EventLogTest
deviceauth_llt"
distributeddatamgr_preferences,@ohos/distributeddatamgr_preferences,N,N,N,N,N,N,N,N,N,N,Y,N,Y,Y,Y,N,N,N,N,N,Y,N,Y,Y,N,N,N,Y,N,N,N,Y,Y,N,Y,N,N,N,N,N,N,,,,"EventLogTest
deviceauth_llt","EventLogTest
deviceauth_llt","EventLogTest
deviceauth_llt"
distributeddatamgr_kv_store,@ohos/distributeddatamgr_kv_store,N,N,N,N,N,N,N,N,N,N,Y,N,Y,Y,Y,N,N,N,N,N,Y,Y,Y,Y,N,N,N,Y,N,N,N,Y,Y,N,Y,N,N,N,N,N,N,,,,"EventLogTest
deviceauth_llt","EventLogTest
deviceauth_llt","EventLogTest
deviceauth_llt"
distributeddatamgr_data_object,@ohos/distributeddatamgr_data_object,N,N,N,N,N,N,N,N,N,N,Y,N,Y,Y,Y,N,N,N,N,N,Y,N,Y,Y,,,,Y,N,N,N,N,Y,N,Y,N,N,N,N,N,N,,,,,,
distributeddatamgr_datamgr_service,@ohos/distributeddatamgr_datamgr_service,N,N,N,N,N,N,N,N,N,N,N,N,N,N,Y,N,N,N,N,N,Y,N,Y,Y,N,N,N,Y,N,N,N,Y,Y,N,Y,N,N,N,N,N,N,,,,"DistributedDBAbilitySyncTest
DistributedDBEventLoopTimerTest
DistributedDBFilePackageTest
DistributedDBInterfacesQueryDBTest
DistributedDBInterfacesSpaceManagementTest
DistributedDBJsonPrecheckUnitTest
DistributedDBNotificationChainTest
DistributedDBParcelTest
DistributedDBSchemalTest
DistributedDBSchemaObjectTest
DistributedDBSyncerDeviceManagerTest
DistributedDBTimeSyncTest
RuntimeContextProcessSystemApiAdapterImplTest
KvStoreUninstallerTest","EventLogTest
deviceauth_llt","EventLogTest
deviceauth_llt"
distributeddatamgr_file,@ohos/distributeddatamgr_file,N,N,N,N,N,N,N,N,N,N,N,N,N,N,Y,N,N,N,N,N,Y,N,Y,Y,N,N,N,Y,N,N,N,Y,Y,N,Y,N,N,N,N,N,N,,,,"EventLogTest
deviceauth_llt","EventLogTest
deviceauth_llt","EventLogTest
deviceauth_llt"
filemanagement_file_api,@ohos/filemanagement_file_api,N,N,N,N,N,N,N,N,N,N,N,N,N,N,Y,N,N,N,N,N,Y,N,Y,Y,N,N,N,Y,N,N,N,Y,Y,N,Y,N,N,N,N,N,N,,,,"EventLogTest
deviceauth_llt","EventLogTest
deviceauth_llt","EventLogTest
deviceauth_llt"
filemanagement_user_file_service,@ohos/filemanagement_user_file_service,N,N,N,N,N,N,N,N,N,N,N,N,N,N,Y,N,N,N,N,N,Y,N,Y,Y,N,N,N,Y,N,N,N,Y,Y,N,Y,N,N,N,N,N,N,,,,"EventLogTest
deviceauth_llt","EventLogTest
deviceauth_llt","EventLogTest
deviceauth_llt"
filemanagement_storage_service,@ohos/filemanagement_storage_service,N,N,N,N,N,N,N,N,N,N,N,N,N,N,Y,N,N,N,N,N,Y,N,Y,Y,N,N,N,Y,N,N,N,Y,Y,N,Y,N,N,N,N,N,N,,,,"EventLogTest
deviceauth_llt","EventLogTest
deviceauth_llt","EventLogTest
deviceauth_llt"
filemanagement_dfs_service,@ohos/filemanagement_dfs_service,N,N,N,N,N,N,N,N,N,N,N,N,N,N,Y,N,N,N,N,N,Y,N,Y,Y,N,N,N,Y,N,N,N,Y,Y,N,Y,N,N,N,N,N,N,,,,"EventLogTest
deviceauth_llt","EventLogTest
deviceauth_llt","EventLogTest
deviceauth_llt"
filemanagement_app_file_service,@ohos/filemanagement_app_file_service,N,N,N,N,N,N,N,N,N,N,N,N,N,N,Y,N,N,N,N,N,Y,N,Y,Y,N,N,N,Y,N,N,N,Y,Y,N,Y,N,N,N,N,N,N,,,,"EventLogTest
deviceauth_llt","EventLogTest
deviceauth_llt","EventLogTest
deviceauth_llt"
ability_dmsfwk,@ohos/dmsfwk,N,N,N,N,N,N,N,N,N,N,N,N,N,N,Y,N,N,N,N,N,Y,N,Y,Y,N,N,N,Y,N,N,N,Y,Y,N,Y,N,N,N,N,N,N,,,,distributedschedsvrtest,distributedschedsvrtest,distributedschedsvrtest
ability_dmsfwk_lite,@ohos/dmsfwk_lite,N,Y,N,N,N,N,N,N,Y,N,Y,Y,Y,Y,N,N,Y,Y,Y,Y,N,N,N,N,N,N,N,N,N,Y,Y,N,N,N,N,Y,N,N,N,N,N,distributed_schedule_test_dms_door.bin,distributed_schedule_test_dms_door.bin,distributed_schedule_test_dms_door.bin,,,
systemabilitymgr_safwk,@ohos/safwk,N,N,N,N,N,N,N,N,N,N,Y,N,Y,Y,Y,N,N,N,N,Y,Y,N,Y,Y,N,N,N,Y,N,N,N,Y,Y,Y,Y,Y,N,N,N,N,N,,,,"EventLogTest
deviceauth_llt","EventLogTest
deviceauth_llt","EventLogTest
deviceauth_llt"
systemabilitymgr_safwk_lite,@ohos/safwk_lite,N,Y,N,N,N,N,N,Y,Y,N,Y,Y,Y,Y,N,N,Y,Y,Y,Y,N,N,N,N,N,N,N,N,N,Y,Y,N,N,N,N,Y,N,N,N,N,N,,,,,,
systemabilitymgr_samgr,@ohos/samgr,N,N,N,N,N,N,N,N,N,N,Y,N,Y,Y,Y,N,N,N,N,Y,Y,N,Y,Y,N,N,N,Y,N,N,N,Y,Y,Y,Y,Y,N,N,N,N,N,,,,SystemAbilityMgrTest,SystemAbilityMgrTest,SystemAbilityMgrTest
systemabilitymgr_samgr_lite,@ohos/samgr_lite,Y,Y,N,N,N,N,Y,N,Y,N,Y,Y,Y,Y,N,N,Y,Y,Y,Y,N,N,N,N,N,N,N,N,N,Y,Y,N,N,N,N,Y,N,N,N,N,N,,,,,,
distribution,@ohos/distribution,N,N,N,N,N,N,N,Y,N,N,N,N,N,N,N,N,N,N,N,N,N,N,N,N,N,N,N,N,N,N,N,N,N,N,N,N,N,N,N,N,N,,,,,,
docs,@ohos/docs,N,N,N,N,N,N,N,N,N,N,Y,N,Y,Y,Y,N,N,N,N,N,Y,N,Y,N,N,N,N,Y,N,N,N,Y,Y,N,N,N,N,N,N,N,N,,,,"EventLogTest
deviceauth_llt","EventLogTest
deviceauth_llt","EventLogTest
deviceauth_llt"
drivers_hdf_core,@ohos/drivers_hdf_core,Y,Y,N,N,N,N,N,Y,Y,N,Y,Y,Y,Y,Y,N,N,Y,Y,Y,Y,N,Y,N,N,N,N,Y,N,Y,Y,Y,Y,N,Y,Y,N,N,N,N,N,hdf_adapter_uhdf_test_door.bin,hdf_adapter_uhdf_test_door.bin,hdf_adapter_uhdf_test_door.bin,"hdf_adapter_uhdf_test_ioservice
hdf_adapter_uhdf_test_sbuf",hdf_adapter_uhdf_test_sbuf,hdf_adapter_uhdf_test_sbuf
drivers_liteos,@ohos/drivers_liteos,N,Y,N,N,N,N,N,N,Y,N,Y,Y,Y,Y,N,N,Y,Y,Y,Y,N,N,N,N,N,N,N,N,N,Y,Y,N,N,N,N,Y,N,N,N,N,N,liteos_a_drivers_unittest_door.bin,,liteos_a_drivers_unittest_door.bin,,,
drivers_peripheral,@ohos/drivers_peripheral,N,Y,N,N,N,N,N,N,Y,N,Y,Y,Y,Y,Y,N,N,Y,Y,Y,Y,N,Y,N,N,N,N,Y,Y,Y,Y,Y,Y,N,N,Y,N,N,N,N,N,hdf_adapter_uhdf_test_door.bin,hdf_adapter_uhdf_test_door.bin,hdf_adapter_uhdf_test_door.bin,"hdf_adapter_uhdf_test_ioservice
hdf_adapter_uhdf_test_sbuf",hdf_adapter_uhdf_test_sbuf,hdf_adapter_uhdf_test_sbuf
drivers_interface,@ohos/drivers_interface,N,N,N,N,N,N,N,N,N,N,N,N,Y,Y,Y,N,N,N,N,N,Y,N,Y,Y,N,N,N,Y,Y,N,N,Y,Y,N,Y,N,N,N,N,N,N,,,,"hdf_adapter_uhdf_test_ioservice
hdf_adapter_uhdf_test_sbuf","EventLogTest
deviceauth_llt","EventLogTest
deviceauth_llt"
global_i18n_lite,@ohos/global_i18n_lite,N,N,N,N,N,N,N,N,Y,N,Y,Y,Y,Y,N,N,Y,Y,Y,Y,N,N,N,N,N,N,N,N,N,Y,Y,N,N,N,N,Y,N,N,N,N,N,,,I18nTest.bin,,,
global_i18n,@ohos/global_i18n,N,N,N,N,N,N,N,N,N,N,Y,N,Y,Y,Y,N,N,Y,Y,Y,Y,N,Y,Y,N,N,N,Y,N,Y,Y,Y,Y,N,N,Y,N,N,N,N,N,,,,intl_test,"EventLogTest
deviceauth_llt","EventLogTest
deviceauth_llt"
global_resource_management_lite,@ohos/global_resource_management_lite,N,Y,N,N,N,N,N,N,Y,N,N,Y,Y,Y,N,N,Y,Y,Y,Y,N,N,N,N,N,N,N,N,N,Y,Y,N,N,N,N,Y,N,N,N,N,N,,,ResmgrTest.bin,,,
global_resource_management,@ohos/global_resource_management,N,N,N,N,N,N,N,N,N,N,N,N,N,N,Y,N,N,N,N,N,Y,Y,Y,Y,N,N,N,Y,N,N,N,Y,Y,N,Y,N,N,N,N,N,N,,,,"EventLogTest
deviceauth_llt","EventLogTest
deviceauth_llt","EventLogTest
deviceauth_llt"
global_timezone,@ohos/global_timezone,N,N,N,N,N,N,N,N,N,N,N,N,N,N,Y,N,N,N,N,N,Y,N,Y,Y,N,N,N,Y,N,N,N,N,Y,N,N,N,N,N,N,N,N,,,,EventLogTest,EventLogTest,EventLogTest
graphic_graphic_2d,@ohos/graphic_graphic_2d,N,N,N,N,N,N,N,N,N,N,N,N,N,N,Y,N,N,N,N,N,Y,Y,Y,N,N,N,N,Y,Y,N,N,Y,Y,N,N,N,N,N,N,N,N,,,,"EventsTest
surface_local_buffer_manager_test
surface_local_buffer_queue_consumer_test
surface_local_buffer_queue_producer_test
surface_local_buffer_queue_test
surface_local_consumer_surface_test
surface_local_producer_surface_test
surface_local_surface_buffer_impl_test
surface_remote_buffer_queue_producer_test
vsync_helper_test
vsync_manager_remote_test
vsync_manager_test
vsync_module_test","EventLogTest
deviceauth_llt","EventLogTest
deviceauth_llt"
graphic_surface,@ohos/graphic_surface,N,N,N,N,N,N,N,N,Y,N,Y,Y,Y,Y,N,N,N,Y,Y,Y,N,N,N,N,N,N,N,N,N,Y,Y,N,N,N,N,Y,N,N,N,N,N,lite_surface_unittest_door.bin,lite_surface_unittest_door.bin,lite_surface_unittest_door.bin,,,
graphic_ui,@ohos/graphic_ui,N,N,N,N,N,N,N,N,Y,N,Y,Y,Y,Y,Y,N,N,Y,Y,Y,Y,Y,Y,N,N,N,N,Y,N,Y,Y,N,Y,N,N,Y,N,N,N,N,N,,graphic_test_ui_door.bin,graphic_test_ui_door.bin,,,
graphic_utils,@ohos/graphic_utils,N,N,N,N,N,N,N,N,Y,N,Y,Y,Y,Y,Y,N,N,Y,Y,Y,Y,N,Y,N,N,N,N,Y,N,Y,Y,N,Y,N,N,Y,N,N,N,N,N,graphic_test_utils_door.bin,graphic_test_utils_door.bin,graphic_test_utils_door.bin,,,
graphic_wms,@ohos/graphic_wms,N,N,N,N,N,N,N,N,Y,N,Y,Y,Y,Y,N,N,N,N,N,Y,N,N,N,N,N,N,N,N,N,N,N,N,N,N,N,Y,N,N,N,N,N,,,,,,
hiviewdfx_blackbox,@ohos/hiviewdfx_blackbox,N,Y,N,N,N,N,Y,N,Y,N,Y,Y,Y,Y,Y,N,N,Y,Y,Y,Y,N,Y,Y,N,N,N,Y,N,Y,Y,Y,Y,N,N,Y,N,N,N,N,N,,,,"EventLogTest
deviceauth_llt","EventLogTest
deviceauth_llt","EventLogTest
deviceauth_llt"
hiviewdfx_faultloggerd,@ohos/hiviewdfx_faultloggerd,N,N,N,N,N,N,N,N,N,N,Y,N,Y,Y,Y,N,N,Y,Y,Y,Y,N,Y,Y,N,N,N,Y,N,Y,Y,Y,Y,Y,Y,Y,N,N,N,N,N,,,,"EventLogTest
deviceauth_llt","EventLogTest
deviceauth_llt","EventLogTest
deviceauth_llt"
hiviewdfx_hichecker,@ohos/hiviewdfx_hichecker,N,N,N,N,N,N,N,N,N,N,N,N,N,N,Y,N,N,N,N,N,Y,N,Y,Y,N,N,N,Y,N,N,N,Y,Y,Y,Y,Y,N,N,N,N,N,,,,"EventLogTest
deviceauth_llt","EventLogTest
deviceauth_llt","EventLogTest
deviceauth_llt"
hiviewdfx_hidumper,@ohos/hiviewdfx_hidumper,N,N,N,N,N,N,N,N,N,N,N,N,N,N,Y,N,N,N,N,N,Y,N,Y,Y,N,N,N,Y,N,N,N,Y,Y,Y,Y,Y,N,N,N,N,N,,,,HidumperDumpersTest,HidumperDumpersTest,HidumperDumpersTest
hiviewdfx_hiappevent,@ohos/hiviewdfx_hiappevent,N,N,N,N,N,N,N,N,N,N,Y,N,Y,Y,Y,N,N,Y,Y,Y,Y,Y,Y,Y,N,N,N,Y,N,Y,Y,Y,Y,N,N,Y,N,N,N,N,N,,,,HiAppEventNativeTest,HiAppEventNativeTest,HiAppEventNativeTest
hiviewdfx_hicollie,@ohos/hiviewdfx_hicollie,N,N,N,N,N,N,N,N,N,N,Y,N,Y,Y,Y,N,N,Y,Y,Y,Y,N,Y,Y,N,N,N,Y,N,Y,Y,Y,Y,N,Y,Y,N,N,N,N,N,,,,"EventLogTest
deviceauth_llt","EventLogTest
deviceauth_llt","EventLogTest
deviceauth_llt"
hiviewdfx_hidumper_lite,@ohos/hiviewdfx_hidumper_lite,N,Y,N,N,N,N,Y,N,Y,N,Y,Y,Y,Y,Y,N,Y,Y,Y,Y,Y,N,Y,Y,N,N,N,Y,N,Y,Y,Y,Y,N,N,Y,N,N,N,N,N,,,,"EventLogTest
deviceauth_llt","EventLogTest
deviceauth_llt","EventLogTest
deviceauth_llt"
hiviewdfx_hievent_lite,@ohos/hiviewdfx_hievent_lite,Y,Y,N,N,N,N,Y,Y,Y,N,Y,N,Y,Y,Y,N,Y,Y,Y,Y,Y,N,Y,Y,N,N,N,Y,N,Y,Y,N,Y,N,N,Y,N,N,N,N,N,,,,,,
hiviewdfx_hilog,@ohos/hiviewdfx_hilog,N,N,N,N,N,N,N,N,N,N,Y,N,Y,Y,Y,N,N,Y,Y,Y,Y,Y,Y,Y,N,N,N,Y,N,Y,Y,Y,Y,Y,Y,Y,N,N,N,N,N,,,,"EventLogTest
deviceauth_llt","EventLogTest
deviceauth_llt","EventLogTest
deviceauth_llt"
hiviewdfx_hilog_lite,@ohos/hiviewdfx_hilog_lite,Y,Y,N,N,N,N,Y,N,Y,N,Y,Y,Y,Y,Y,N,Y,Y,Y,Y,Y,N,Y,Y,N,N,N,Y,N,Y,Y,N,Y,N,N,Y,N,N,N,N,N,,,,,,
hiviewdfx_hitrace,@ohos/hiviewdfx_hitrace,N,Y,N,N,N,N,N,N,Y,N,Y,N,Y,Y,Y,N,N,Y,Y,Y,Y,N,Y,Y,N,N,N,Y,N,Y,Y,Y,Y,Y,Y,Y,N,N,N,N,N,,,,"EventLogTest
deviceauth_llt","EventLogTest
deviceauth_llt","EventLogTest
deviceauth_llt"
hiviewdfx_hisysevent,@ohos/hiviewdfx_hisysevent,N,N,N,N,N,N,N,Y,N,N,Y,N,Y,Y,Y,N,N,Y,Y,Y,Y,N,Y,Y,N,N,N,Y,N,Y,Y,Y,Y,Y,Y,Y,N,N,N,N,N,,,,"EventLogTest
deviceauth_llt","EventLogTest
deviceauth_llt","EventLogTest
deviceauth_llt"
hiviewdfx_hiview,@ohos/hiviewdfx_hiview,N,N,N,N,N,N,N,N,N,N,Y,N,Y,Y,Y,N,N,Y,Y,Y,Y,N,Y,Y,N,N,N,Y,N,Y,Y,Y,Y,Y,Y,Y,N,N,N,N,N,,,,HiviewPlatformModuleTest,HiviewPlatformModuleTest,HiviewPlatformModuleTest
hiviewdfx_hiview_lite,@ohos/hiviewdfx_hiview_lite,Y,Y,N,N,N,N,Y,Y,Y,N,Y,Y,Y,Y,Y,N,Y,Y,Y,Y,Y,N,Y,Y,N,N,N,Y,N,Y,Y,N,Y,N,N,Y,N,N,N,N,N,,,,,,
interface_sdk-js,@ohos/interface_sdk_js,N,N,N,N,N,N,N,N,N,N,N,N,Y,Y,Y,N,N,N,N,N,Y,Y,Y,Y,N,N,N,Y,Y,N,N,N,Y,N,N,N,N,N,N,N,N,,,,"EventLogTest
deviceauth_llt","EventLogTest
deviceauth_llt","EventLogTest
deviceauth_llt"
iothardware_peripheral,@ohos/iothardware_peripheral,N,Y,N,N,N,N,Y,N,Y,N,Y,Y,Y,Y,N,N,N,Y,Y,Y,N,N,N,N,N,N,N,N,N,Y,Y,N,N,N,N,Y,N,N,N,N,N,,,,,,
kernel_linux,@ohos/kernel_linux,N,N,N,N,N,N,N,N,N,N,N,N,N,Y,Y,N,N,N,N,N,Y,N,Y,Y,N,N,N,Y,N,N,N,Y,Y,Y,Y,Y,N,N,N,N,N,,,,"EventLogTest
deviceauth_llt","EventLogTest
deviceauth_llt","EventLogTest
deviceauth_llt"
kernel_linux_config,@ohos/kernel_linux_config,N,N,N,N,N,N,N,N,N,N,N,N,Y,Y,Y,N,N,N,N,N,Y,N,Y,Y,N,N,N,Y,N,N,N,Y,Y,N,Y,N,N,Y,Y,Y,N,,,,"EventLogTest
deviceauth_llt","EventLogTest
deviceauth_llt","EventLogTest
deviceauth_llt"
kernel_linux_patches,@ohos/kernel_linux_patches,N,N,N,N,N,N,N,N,N,N,N,N,Y,Y,Y,N,N,N,N,N,Y,N,Y,Y,N,N,N,Y,N,N,N,Y,Y,N,Y,N,N,Y,Y,Y,N,,,,"EventLogTest
deviceauth_llt","EventLogTest
deviceauth_llt","EventLogTest
deviceauth_llt"
kernel_linux_build,@ohos/kernel_linux_build,N,N,N,N,N,N,N,N,N,N,N,N,Y,Y,Y,N,N,N,N,N,Y,N,Y,Y,N,N,N,Y,N,N,N,Y,Y,N,Y,N,N,Y,Y,Y,N,,,,"EventLogTest
deviceauth_llt","EventLogTest
deviceauth_llt","EventLogTest
deviceauth_llt"
kernel_linux_4.19,@ohos/kernel_linux_4.19,N,N,N,N,N,N,N,N,N,N,N,N,Y,Y,Y,N,N,N,N,N,Y,N,Y,Y,N,N,N,Y,N,N,N,Y,Y,N,N,N,N,N,N,N,N,,,,"EventLogTest
deviceauth_llt","EventLogTest
deviceauth_llt","EventLogTest
deviceauth_llt"
kernel_linux_5.10,@ohos/kernel_linux_5.10,N,N,N,N,N,N,N,Y,N,N,N,N,Y,Y,Y,N,N,N,N,N,Y,N,Y,Y,N,N,N,Y,N,N,N,Y,Y,N,Y,N,N,Y,Y,Y,N,,,,"EventLogTest
deviceauth_llt","EventLogTest
deviceauth_llt","EventLogTest
deviceauth_llt"
kernel_liteos_a,@ohos/kernel_liteos_a,N,N,N,N,N,N,N,Y,Y,N,Y,Y,Y,Y,N,N,Y,N,N,Y,N,N,N,N,N,N,N,N,N,N,N,N,N,N,N,Y,N,N,N,N,N,"liteos_a_basic_unittest_door.bin
liteos_a_process_basic_unittest_door.bin
liteos_a_process_lock_unittest_door.bin
liteos_a_drivers_unittest_door.bin
liteos_a_extended_unittest_door.bin
liteos_a_fs_unittest_door.bin
liteos_a_libc_unittest_door.bin
liteos_a_net_unittest_door.bin
liteos_a_security_unittest_door.bin",,"liteos_a_process_basic_unittest_door.bin
liteos_a_process_lock_unittest_door.bin
liteos_a_drivers_unittest_door.bin
liteos_a_extended_unittest_door.bin
liteos_a_fs_unittest_door.bin
liteos_a_libc_unittest_door.bin
liteos_a_security_unittest_door.bin",,,
kernel_liteos_m,@ohos/kernel_liteos_m,Y,Y,N,N,N,N,N,N,Y,N,Y,N,N,N,N,N,Y,Y,Y,N,N,N,N,N,N,N,N,N,N,Y,Y,N,N,N,N,Y,N,N,N,N,N,,,,,,
kernel_uniproton,@ohos/kernel_uniproton,N,N,N,N,N,N,N,N,N,N,N,N,N,N,N,N,N,Y,N,N,N,N,N,N,N,N,N,N,N,N,N,N,N,N,N,N,N,N,N,N,N,,,,,,
manifest,@ohos/manifest,Y,Y,N,N,N,N,Y,N,Y,N,Y,Y,Y,Y,Y,N,Y,Y,Y,Y,Y,N,Y,Y,N,Y,N,Y,N,Y,Y,Y,Y,Y,Y,Y,N,N,N,N,N,,,,"EventLogTest
deviceauth_llt","EventLogTest
deviceauth_llt","EventLogTest
deviceauth_llt"
time_time_service,@ohos/time_time_service,N,N,N,N,N,N,N,N,N,N,N,N,N,N,Y,N,N,N,N,N,Y,N,Y,Y,N,N,N,Y,N,N,N,Y,Y,N,N,N,N,N,N,N,N,,,,TimeServiceTest,"EventLogTest
deviceauth_llt","EventLogTest
deviceauth_llt"
inputmethod_imf,@ohos/inputmethod_imf,N,N,N,N,N,N,N,N,N,N,N,N,N,N,Y,N,N,N,N,N,Y,N,Y,Y,N,,,Y,N,N,N,Y,Y,N,N,N,N,N,N,N,N,,InputMethodAbilityTest,,"EventLogTest
deviceauth_llt","EventLogTest
deviceauth_llt","EventLogTest
deviceauth_llt"
theme_wallpaper_mgr,@ohos/wallpaper,N,N,N,N,N,N,N,N,N,N,N,N,N,N,Y,N,N,N,N,N,Y,N,Y,Y,N,N,N,Y,N,N,N,Y,Y,N,N,N,N,N,N,N,N,,,,,"EventLogTest
deviceauth_llt","EventLogTest
deviceauth_llt"
theme_screenlock_mgr,@ohos/screenlock,N,N,N,N,N,N,N,N,N,N,N,N,N,N,Y,N,N,N,N,N,Y,N,Y,Y,N,N,N,Y,N,N,N,Y,Y,N,N,N,N,N,N,N,N,,,,,"EventLogTest
deviceauth_llt","EventLogTest
deviceauth_llt"
distributeddatamgr_pasteboard,@ohos/pasteboard,N,N,N,N,N,N,N,N,N,N,N,N,N,N,Y,N,N,N,N,N,Y,N,Y,Y,N,N,N,Y,N,N,N,Y,Y,N,N,N,N,N,N,N,N,,,,,"EventLogTest
deviceauth_llt","EventLogTest
deviceauth_llt"
request_request,@ohos/request,N,N,N,N,N,N,N,N,N,N,N,N,N,N,Y,N,N,N,N,N,Y,N,Y,Y,N,N,N,Y,N,N,N,Y,Y,N,N,N,N,N,N,N,N,,,,,"EventLogTest
deviceauth_llt","EventLogTest
deviceauth_llt"
print_print_fwk,@ohos/print_print_fwk,N,N,N,N,N,N,N,N,N,N,N,N,N,N,Y,N,N,N,N,N,Y,N,Y,Y,N,N,N,Y,N,N,N,Y,Y,N,N,N,N,N,N,N,N,,,,,"EventLogTest
deviceauth_llt","EventLogTest
deviceauth_llt"
multimedia_audio_lite,@ohos/multimedia_audio_lite,N,N,N,N,N,N,N,N,N,N,Y,N,Y,Y,N,N,Y,Y,Y,Y,N,N,N,N,N,N,N,N,N,Y,Y,N,N,N,N,Y,N,N,N,N,N,lite_audio_unittest.bin,,lite_audio_unittest.bin,,,
multimedia_audio_framework,@ohos/multimedia_audio_framework,N,N,N,N,N,N,N,N,N,N,N,N,N,N,Y,N,N,N,N,N,Y,N,Y,Y,N,N,N,Y,N,N,N,Y,Y,N,N,N,N,N,N,N,N,,,,"audio_renderer_unit_test
audio_capturer_unit_test
audio_manager_unit_test","audio_renderer_unit_test
audio_capturer_unit_test
audio_manager_unit_test","audio_renderer_unit_test
audio_capturer_unit_test
audio_manager_unit_test"
multimedia_camera_lite,@ohos/multimedia_camera_lite,N,N,N,N,N,N,N,N,N,N,Y,N,Y,Y,N,N,Y,Y,Y,Y,N,N,N,N,N,N,N,N,N,Y,Y,N,N,N,N,Y,N,N,N,N,N,lite_camera_unittest.bin,,lite_camera_unittest.bin,,,
multimedia_camera_framework,@ohos/multimedia_camera_framework,N,N,N,N,N,N,N,N,N,N,N,N,N,N,Y,N,N,N,N,N,Y,N,Y,Y,N,N,N,Y,N,N,N,Y,Y,N,N,N,N,N,N,N,N,,,,"camera_framework_unittest
camera_metadata_unittest","camera_framework_unittest
camera_metadata_unittest","camera_framework_unittest
camera_metadata_unittest"
multimedia_histreamer,@ohos/multimedia_histreamer,N,N,N,N,N,N,N,N,Y,N,Y,N,Y,Y,Y,N,Y,Y,Y,Y,Y,N,Y,Y,N,N,N,Y,N,Y,Y,Y,Y,N,N,Y,N,N,N,N,N,,,,"EventLogTest
deviceauth_llt","EventLogTest
deviceauth_llt","EventLogTest
deviceauth_llt"
multimedia_media_lite,@ohos/multimedia_media_lite,N,N,N,N,N,N,N,N,N,N,Y,N,Y,Y,N,N,Y,Y,Y,Y,N,N,N,N,N,N,N,N,N,Y,Y,N,N,N,N,Y,N,N,N,N,N,"lite_player_unittest.bin
lite_recorder_unittest.bin",,"lite_player_unittest.bin
lite_recorder_unittest.bin",,,
multimedia_player_framework,@ohos/multimedia_player_framework,N,N,N,N,N,N,N,N,N,N,N,N,N,N,Y,N,N,N,N,N,Y,N,Y,Y,N,N,N,Y,N,N,N,Y,Y,N,N,N,N,N,N,N,N,,,,"player_unit_test
avmetadata_unit_test
recorder_unit_test
recorder_profiles_unit_test
vcodec_native_unit_test
avcodec_list_native_unit_test","player_unit_test
avmetadata_unit_test
recorder_unit_test
recorder_profiles_unit_test
vcodec_native_unit_test
avcodec_list_native_unit_test","player_unit_test
avmetadata_unit_test
recorder_unit_test
recorder_profiles_unit_test
vcodec_native_unit_test
avcodec_list_native_unit_test"
multimedia_media_utils_lite,@ohos/multimedia_media_utils_lite,N,Y,N,N,N,N,N,N,Y,N,Y,Y,Y,Y,N,N,Y,Y,Y,Y,N,N,N,N,N,N,N,N,N,Y,Y,N,N,N,N,Y,N,N,N,N,N,,,,,,
multimodalinput_input,@ohos/multimodalinput_input,N,N,N,N,N,N,N,N,N,N,N,N,N,N,Y,N,N,N,N,N,Y,N,Y,N,N,N,N,Y,N,N,N,Y,Y,N,N,N,N,N,N,N,N,,,,"EventLogTest
deviceauth_llt","EventLogTest
deviceauth_llt","EventLogTest
deviceauth_llt"
notification_common_event_service,@ohos/notification_common_event_service,N,N,N,N,N,N,N,N,N,N,N,N,N,N,Y,N,N,N,N,N,Y,N,Y,Y,N,N,N,Y,N,N,N,Y,Y,N,Y,N,N,N,N,N,N,,,,EventLogTest,EventLogTest,EventLogTest
notification_eventhandler,@ohos/notification_eventhandler,N,N,N,N,N,N,N,N,N,N,N,N,N,N,Y,N,N,N,N,N,Y,N,Y,Y,N,N,N,Y,N,N,N,Y,Y,Y,Y,Y,N,Y,N,N,N,,,,EventLogTest,EventLogTest,EventLogTest
ohos_bundles,@ohos/ohos_bundles,N,N,N,N,N,N,N,N,N,N,N,N,N,N,N,N,N,N,N,N,N,N,N,N,N,N,N,N,N,N,N,N,N,N,Y,N,N,N,N,N,N,,,,,,
powermgr_battery_manager,@ohos/powermgr_battery_manager,N,N,N,N,N,N,N,N,N,N,N,N,N,N,Y,N,N,N,N,N,Y,N,Y,Y,N,N,N,Y,N,N,N,Y,Y,N,N,N,N,N,N,N,N,,,,"EventLogTest
deviceauth_llt","EventLogTest
deviceauth_llt","EventLogTest
deviceauth_llt"
powermgr_display_manager,@ohos/powermgr_display_manager,N,N,N,N,N,N,N,Y,N,N,N,N,N,N,Y,N,N,N,N,N,Y,N,Y,Y,N,N,N,Y,N,N,N,Y,Y,N,N,N,N,N,N,N,N,,,,unittest_display_mgr_service,unittest_display_mgr_service,unittest_display_mgr_service
powermgr_power_manager,@ohos/powermgr_power_manager,N,N,N,N,N,N,N,N,N,N,N,N,N,N,Y,N,N,N,N,N,Y,N,Y,Y,N,N,N,Y,N,N,N,Y,Y,N,N,N,N,N,N,N,N,,,,"test_power_mgr_service
test_power_state_machine
test_running_lock","test_power_mgr_service
test_power_state_machine
test_running_lock","test_power_mgr_service
test_power_state_machine
test_running_lock"
powermgr_powermgr_lite,@ohos/powermgr_powermgr_lite,N,Y,N,N,N,N,N,N,Y,N,Y,Y,Y,Y,N,N,Y,Y,Y,Y,N,N,N,N,N,N,N,N,N,Y,Y,N,N,N,N,Y,N,N,N,N,N,,,,,,
powermgr_thermal_manager,@ohos/powermgr_thermal_manager,N,N,N,N,N,N,N,N,N,N,N,N,N,N,Y,N,N,N,N,N,Y,N,Y,Y,N,N,N,Y,N,N,N,Y,Y,N,N,N,N,N,N,N,N,,,,"EventLogTest
deviceauth_llt","EventLogTest
deviceauth_llt","EventLogTest
deviceauth_llt"
powermgr_battery_statistics,@ohos/powermgr_battery_statistics,N,N,N,N,N,N,N,N,N,N,N,N,N,N,Y,N,N,N,N,N,Y,N,Y,Y,N,N,N,Y,N,N,N,Y,Y,N,N,N,N,N,N,N,N,,,,"EventLogTest
deviceauth_llt","EventLogTest
deviceauth_llt","EventLogTest
deviceauth_llt"
prebuilts_aosp_libs,@ohos/prebuilts_aosp_libs,N,N,N,N,N,N,N,N,N,N,N,N,N,N,Y,N,N,N,N,N,Y,N,Y,Y,N,N,N,Y,N,N,N,Y,Y,N,N,N,N,N,N,N,N,,,,"EventLogTest
deviceauth_llt","EventLogTest
deviceauth_llt","EventLogTest
deviceauth_llt"
productdefine_common,@ohos/productdefine_common,N,N,N,N,N,N,N,Y,N,N,Y,N,Y,Y,Y,N,N,N,N,N,Y,N,Y,Y,N,N,N,Y,Y,N,N,Y,Y,Y,Y,Y,N,N,N,N,N,,,,"EventLogTest
deviceauth_llt","EventLogTest
deviceauth_llt","EventLogTest
deviceauth_llt"
utils_system_resources,@ohos/utils_system_resources,N,N,N,N,N,N,N,N,N,N,N,N,N,N,Y,N,N,N,N,N,Y,N,Y,Y,N,N,N,Y,N,N,N,Y,Y,N,N,N,N,N,N,N,N,,,,"EventLogTest
deviceauth_llt","EventLogTest
deviceauth_llt","EventLogTest
deviceauth_llt"
security,@ohos/security,N,N,N,N,N,N,N,N,N,N,N,N,N,N,N,N,N,N,N,N,N,N,N,N,N,N,N,N,N,N,N,N,N,N,Y,N,N,N,N,N,N,,,,,,
security_appverify,@ohos/security_appverify,N,N,N,N,N,N,N,N,Y,N,Y,Y,Y,Y,Y,N,N,Y,Y,Y,Y,N,Y,Y,N,N,N,Y,N,Y,Y,Y,Y,N,Y,Y,N,N,N,N,N,app_verify_test.bin,,app_verify_test.bin,"EventLogTest
deviceauth_llt","EventLogTest
deviceauth_llt","EventLogTest
deviceauth_llt"
security_dataclassification,@ohos/security_dataclassification,N,N,N,N,N,N,N,N,N,N,N,N,N,N,Y,N,N,N,N,N,Y,N,Y,Y,N,N,N,Y,N,N,N,Y,Y,N,Y,N,N,N,N,N,N,,,,"EventLogTest
deviceauth_llt","EventLogTest
deviceauth_llt","EventLogTest
deviceauth_llt"
security_device_auth,@ohos/security_device_auth,N,Y,N,N,N,N,Y,N,Y,N,Y,Y,Y,Y,Y,N,N,Y,Y,Y,Y,N,Y,Y,N,N,N,Y,N,Y,Y,Y,Y,Y,Y,Y,N,N,N,N,N,,deviceauth_llt,,deviceauth_llt,deviceauth_llt,deviceauth_llt
security_huks,@ohos/security_huks,N,Y,N,N,N,N,Y,N,Y,N,Y,Y,Y,Y,Y,N,Y,Y,Y,Y,Y,N,Y,Y,N,N,N,Y,N,Y,Y,Y,Y,Y,Y,Y,N,N,N,N,N,huks_3.0_test.bin,huks_3.0_test.bin,,hukssdk_test,hukssdk_test,hukssdk_test
security_itrustee_ree_lite,@ohos/security_itrustee_ree_lite,N,N,N,N,N,N,N,N,N,N,N,N,N,N,N,N,Y,N,N,N,N,N,N,N,N,N,N,N,N,N,N,N,N,N,N,N,N,N,N,N,N,,,,,,
security_permission_lite,@ohos/security_permission_lite,N,Y,N,N,N,N,Y,N,Y,N,Y,Y,Y,Y,Y,N,N,Y,Y,Y,Y,N,Y,Y,N,N,N,Y,N,Y,Y,Y,Y,N,Y,Y,N,N,N,N,N,,security_test.bin,security_test.bin,"EventLogTest
deviceauth_llt","EventLogTest
deviceauth_llt",
security_device_security_level, @ohos/security_device_security_level,N,N,N,N,N,N,N,N,N,N,N,N,N,N,Y,N,N,N,N,N,Y,N,Y,Y,N,N,N,Y,N,N,N,Y,Y,N,Y,N,N,N,N,N,N,,,,dslm_test,dslm_test,dslm_test
security_access_token,@ohos/security_access_token,N,N,N,N,N,N,N,N,N,N,N,N,N,N,Y,N,N,N,N,N,Y,N,Y,N,N,N,N,Y,N,N,N,Y,Y,Y,Y,Y,N,N,N,N,N,,,,libaccesstoken_sdk_test,libaccesstoken_sdk_test,libaccesstoken_sdk_test
security_selinux,@ohos/security_selinux,N,Y,N,N,N,N,Y,N,Y,N,Y,Y,Y,Y,Y,N,Y,Y,Y,Y,Y,N,Y,N,N,Y,N,Y,Y,Y,Y,Y,Y,N,N,Y,N,N,N,N,N,,,,"EventLogTest
deviceauth_llt","EventLogTest
deviceauth_llt","EventLogTest
deviceauth_llt"
useriam_pin_auth,@ohos/useriam_pin_auth,N,N,N,N,N,N,N,N,N,N,N,N,N,N,Y,N,N,N,N,N,Y,N,Y,Y,N,N,N,Y,N,N,N,Y,Y,N,Y,N,N,N,N,N,N,,,,PinAuth_UT_test,PinAuth_UT_test,PinAuth_UT_test
useriam_user_auth_framework,@ohos/useriam_user_auth_framework,N,N,N,N,N,N,N,N,N,N,N,N,N,N,Y,N,N,N,N,N,Y,N,Y,Y,N,N,N,Y,N,N,N,Y,Y,N,Y,N,N,N,N,N,N,,,,"iam_services_test
iam_inner_api_test
iam_executors_test","iam_services_test
iam_inner_api_test
iam_executors_test","iam_services_test
iam_inner_api_test
iam_executors_test"
useriam_face_auth,@ohos/useriam_face_auth,N,N,N,N,N,N,N,Y,N,N,N,N,N,N,Y,N,N,N,N,N,Y,N,Y,Y,N,N,N,Y,N,N,N,Y,Y,N,N,N,N,N,N,N,N,,,,faceauth_unittest,faceauth_unittest,faceauth_unittest
sensors_miscdevice_lite,@ohos/sensors_miscdevice_lite,N,N,N,N,N,N,N,N,N,N,Y,N,Y,Y,N,N,Y,N,N,N,N,N,N,N,N,N,N,N,N,N,N,N,N,N,N,N,N,N,N,N,N,,,,,,
sensors_sensor_lite,@ohos/sensors_sensor_lite,N,Y,N,N,N,N,N,Y,Y,N,Y,Y,Y,Y,N,N,Y,Y,Y,Y,N,N,N,N,N,N,N,N,N,Y,Y,N,N,N,N,Y,N,N,N,N,N,,,"sensor_lite_test_interface.bin
sensor_lite_test_performance.bin",,,
startup_appspawn,@ohos/startup_appspawn,N,N,N,N,N,N,N,N,N,N,N,N,N,N,Y,N,N,N,N,N,Y,N,Y,Y,N,N,N,Y,N,N,N,Y,Y,N,Y,N,N,N,N,N,N,,,,"AppSpawnServerMockTest
AppSpawnServerOverrideTest","AppSpawnServerMockTest
AppSpawnServerOverrideTest
AppSpawn_ut","AppSpawnServerMockTest
AppSpawnServerOverrideTest
AppSpawn_ut"
startup_appspawn_lite,@ohos/startup_appspawn_lite,N,Y,N,N,N,N,N,N,Y,N,Y,Y,Y,Y,N,N,Y,Y,Y,Y,N,N,N,N,N,N,N,N,N,Y,Y,N,N,N,N,Y,N,N,N,N,N,,,,,,
startup_bootstrap_lite,@ohos/startup_bootstrap_lite,Y,Y,N,N,N,N,Y,N,Y,N,Y,Y,Y,Y,N,N,Y,Y,Y,Y,N,N,N,N,N,N,N,N,N,Y,Y,N,N,N,N,Y,N,N,N,N,N,,,,,,
startup_init_lite,@ohos/startup_init_lite,N,Y,N,N,N,N,N,N,Y,N,Y,Y,Y,Y,Y,N,Y,Y,Y,Y,Y,Y,Y,N,N,N,N,Y,N,Y,Y,Y,Y,Y,Y,Y,N,N,N,N,N,init_test.bin,,init_test.bin,"EventLogTest
deviceauth_llt","EventLogTest
deviceauth_llt","EventLogTest
deviceauth_llt"
startup_syspara_lite,@ohos/startup_syspara_lite,Y,Y,N,N,N,N,Y,N,Y,N,Y,Y,Y,Y,Y,N,Y,Y,Y,Y,Y,N,Y,Y,N,N,N,Y,N,Y,Y,Y,Y,Y,Y,Y,N,N,N,N,N,,,,"EventLogTest
deviceauth_llt","EventLogTest
deviceauth_llt","EventLogTest
deviceauth_llt"
telephony_ril_adapter,@ohos/telephony_ril_adapter,N,N,N,N,N,N,N,N,N,N,N,N,N,N,Y,N,N,N,N,N,Y,N,Y,Y,N,N,N,Y,N,N,N,Y,Y,N,N,N,N,N,N,N,N,,,,tel_ril_adapter_gtest,"EventLogTest
deviceauth_llt","EventLogTest
deviceauth_llt"
telephony_call_manager,@ohos/telephony_call_manager,N,N,N,N,N,N,N,N,N,N,N,N,N,N,Y,N,N,N,N,N,Y,N,Y,Y,N,N,N,Y,N,N,N,Y,Y,N,N,N,N,N,N,N,N,,,,tel_call_manager_gtest,"EventLogTest
deviceauth_llt","EventLogTest
deviceauth_llt"
telephony_cellular_call,@ohos/telephony_cellular_call,N,N,N,N,N,N,N,Y,N,N,N,N,N,N,Y,N,N,N,N,N,Y,N,Y,Y,N,N,N,Y,N,N,N,Y,Y,N,N,N,N,N,N,N,N,,,,tel_cellular_call_cs_test,"EventLogTest
deviceauth_llt","EventLogTest
deviceauth_llt"
telephony_core_service,@ohos/telephony_core_service,N,N,N,N,N,N,N,N,N,N,N,N,N,N,Y,N,N,N,N,N,Y,N,Y,Y,N,N,N,Y,N,N,N,Y,Y,N,N,N,N,N,N,N,N,,,,tel_core_service_gtest,"EventLogTest
deviceauth_llt","EventLogTest
deviceauth_llt"
telephony_sms_mms,@ohos/telephony_sms_mms,N,N,N,N,N,N,N,N,N,N,N,N,N,N,Y,N,N,N,N,N,Y,N,Y,Y,N,N,N,Y,N,N,N,Y,Y,N,N,N,N,N,N,N,N,,,,tel_sms_mms_gtest,"EventLogTest
deviceauth_llt","EventLogTest
deviceauth_llt"
telephony_state_registry,@ohos/telephony_state_registry,N,N,N,N,N,N,N,N,N,N,N,N,N,N,Y,N,N,N,N,N,Y,N,Y,Y,N,N,N,Y,N,N,N,Y,Y,N,N,N,N,N,N,N,N,,,,tel_state_registry_test,"EventLogTest
deviceauth_llt","EventLogTest
deviceauth_llt"
telephony_data_storage,@ohos/telephony_data_storage,N,N,N,N,N,N,N,N,N,N,N,N,N,N,Y,N,N,N,N,N,Y,N,Y,Y,N,N,N,Y,N,N,N,Y,Y,N,N,N,N,N,N,N,N,,,,"EventLogTest
deviceauth_llt","EventLogTest
deviceauth_llt","EventLogTest
deviceauth_llt"
telephony_cellular_data,@ohos/telephony_cellular_data,N,N,N,N,N,N,N,N,N,N,N,N,N,N,Y,N,N,N,N,N,Y,N,Y,Y,N,N,N,Y,N,N,N,Y,Y,N,N,N,N,N,N,N,N,,,,"EventLogTest
deviceauth_llt","EventLogTest
deviceauth_llt","EventLogTest
deviceauth_llt"
testfwk_developer_test,@ohos/testfwk_developer_test,N,Y,N,N,N,N,N,N,Y,N,Y,Y,Y,Y,Y,N,N,Y,Y,Y,Y,N,Y,Y,N,N,N,Y,N,Y,Y,Y,Y,Y,Y,Y,N,N,N,N,N,ParameterTest.bin,,,"EventLogTest
deviceauth_llt","EventLogTest
deviceauth_llt","EventLogTest
deviceauth_llt"
testfwk_xdevice,@ohos/testfwk_xdevice,N,Y,N,N,N,N,Y,N,Y,N,Y,Y,Y,Y,Y,N,N,Y,Y,Y,Y,N,Y,Y,N,N,N,Y,Y,Y,Y,Y,Y,N,N,Y,N,N,N,N,N,,,,"EventLogTest
deviceauth_llt","EventLogTest
deviceauth_llt","EventLogTest
deviceauth_llt"
third_party_FatFs,@ohos/fatfs,N,N,N,N,N,N,Y,N,Y,N,Y,Y,Y,Y,N,N,N,Y,Y,Y,N,N,N,N,N,N,N,N,N,Y,Y,N,N,N,N,Y,N,N,N,N,N,"liteos_a_drivers_unittest_door.bin
liteos_a_fs_unittest_door.bin
liteos_a_libc_unittest_door.bin",,"liteos_a_drivers_unittest_door.bin
liteos_a_fs_unittest_door.bin
liteos_a_libc_unittest_door.bin",,,
third_party_FreeBSD,@ohos/freebsd,N,N,N,N,N,N,Y,N,Y,N,Y,Y,Y,Y,Y,N,N,Y,Y,Y,Y,N,Y,Y,N,N,N,Y,N,Y,Y,Y,Y,Y,Y,Y,N,N,N,N,N,"liteos_a_basic_unittest_door.bin
liteos_a_process_basic_unittest_door.bin
liteos_a_process_lock_unittest_door.bin
liteos_a_drivers_unittest_door.bin
liteos_a_extended_unittest_door.bin
liteos_a_fs_unittest_door.bin
liteos_a_libc_unittest_door.bin
liteos_a_net_unittest_door.bin
liteos_a_security_unittest_door.bin",,"liteos_a_process_basic_unittest_door.bin
liteos_a_process_lock_unittest_door.bin
liteos_a_drivers_unittest_door.bin
liteos_a_extended_unittest_door.bin
liteos_a_fs_unittest_door.bin
liteos_a_libc_unittest_door.bin
liteos_a_security_unittest_door.bin","EventLogTest
deviceauth_llt","EventLogTest
deviceauth_llt","EventLogTest
deviceauth_llt"
third_party_NuttX,@ohos/nuttx,N,N,N,N,N,N,Y,N,Y,N,Y,Y,Y,Y,N,N,N,Y,Y,Y,N,N,N,N,N,N,N,N,N,Y,Y,N,N,N,N,Y,N,N,N,N,N,"liteos_a_drivers_unittest_door.bin
liteos_a_fs_unittest_door.bin
liteos_a_libc_unittest_door.bin",,"liteos_a_drivers_unittest_door.bin
liteos_a_fs_unittest_door.bin
liteos_a_libc_unittest_door.bin",,,
third_party_abseil-cpp,@ohos/abseil_cpp,N,N,N,N,N,N,N,N,N,N,N,N,N,N,Y,N,N,N,N,N,Y,N,Y,Y,N,N,N,Y,N,N,N,Y,Y,N,N,N,N,N,N,N,N,,,,"EventLogTest
deviceauth_llt","EventLogTest
deviceauth_llt","EventLogTest
deviceauth_llt"
third_party_benchmark,@ohos/benchmark,N,N,N,N,N,N,N,N,N,N,N,N,N,N,Y,N,N,N,N,N,Y,N,Y,Y,N,N,N,Y,N,N,N,Y,Y,N,N,N,N,N,N,N,N,,,,"EventLogTest
deviceauth_llt","EventLogTest
deviceauth_llt","EventLogTest
deviceauth_llt"
third_party_boost,@ohos/boost,N,N,N,N,N,N,N,Y,N,N,N,N,N,N,Y,N,N,N,N,N,Y,N,Y,Y,N,N,N,Y,N,N,N,Y,Y,N,N,N,N,N,N,N,N,,,,"EventLogTest
deviceauth_llt","EventLogTest
deviceauth_llt","EventLogTest
deviceauth_llt"
deviceauth_llt","EventLogTest
deviceauth_llt","EventLogTest
deviceauth_llt",,,,,,,,,,,,,,,,,,,,,,,,,,,,,,,,,,,,,,,,,,,,,,
third_party_bounds_checking_function,@ohos/bounds_checking_function,N,Y,N,N,N,N,Y,N,Y,N,Y,Y,Y,Y,Y,N,N,Y,Y,Y,Y,N,Y,Y,N,N,N,Y,N,Y,Y,Y,Y,Y,Y,Y,N,N,N,N,N,liteos_a_libc_unittest_door.bin,,liteos_a_libc_unittest_door.bin,"EventLogTest
deviceauth_llt","EventLogTest
deviceauth_llt","EventLogTest
deviceauth_llt"
third_party_bzip2,@ohos/bzip2,N,N,N,N,N,N,N,N,N,N,N,N,N,N,Y,N,N,N,N,N,Y,N,Y,Y,N,N,N,Y,N,N,N,Y,Y,N,Y,N,N,N,N,N,N,,,,"EventLogTest
deviceauth_llt","EventLogTest
deviceauth_llt","EventLogTest
deviceauth_llt"
third_party_cJSON,@ohos/cjson,N,Y,N,N,N,N,Y,N,Y,N,Y,Y,Y,Y,Y,N,N,Y,Y,Y,Y,N,Y,Y,N,N,N,Y,N,Y,Y,Y,Y,Y,Y,Y,N,N,N,N,N,,,,"EventLogTest
deviceauth_llt","EventLogTest
deviceauth_llt","EventLogTest
deviceauth_llt"
third_party_cmsis,@ohos/cmsis,N,N,N,N,N,N,N,N,N,N,Y,N,Y,Y,N,N,N,Y,Y,Y,N,N,N,N,N,N,N,N,N,Y,Y,N,N,N,N,Y,N,N,N,N,N,,,,,,
third_party_css-what,@ohos/css_what,N,N,N,N,N,N,N,N,N,N,N,N,N,N,Y,N,N,N,N,N,Y,N,Y,Y,N,N,N,Y,N,N,N,Y,Y,N,N,N,N,N,N,N,N,,,,"EventLogTest
deviceauth_llt","EventLogTest
deviceauth_llt","EventLogTest
deviceauth_llt"
third_party_curl,@ohos/curl,N,Y,N,N,N,N,N,N,Y,N,Y,N,Y,Y,Y,N,N,Y,Y,Y,Y,Y,Y,Y,N,N,N,Y,N,Y,Y,Y,Y,Y,Y,Y,N,N,N,N,N,,,,"EventLogTest
deviceauth_llt","EventLogTest
deviceauth_llt","EventLogTest
deviceauth_llt"
third_party_e2fsprogs,@ohos/e2fsprogs,N,N,N,N,N,N,N,N,N,N,N,N,Y,Y,Y,N,N,N,N,N,Y,N,Y,Y,N,N,N,Y,N,N,N,Y,Y,Y,Y,Y,N,N,N,N,N,,,,"EventLogTest
deviceauth_llt","EventLogTest
deviceauth_llt","EventLogTest
deviceauth_llt"
third_party_eudev,@ohos/eudev,N,N,N,N,N,N,N,N,N,N,N,N,N,N,Y,N,N,N,N,N,Y,N,Y,Y,N,N,N,Y,N,N,N,Y,Y,N,N,N,N,N,N,N,N,,,,"EventLogTest
deviceauth_llt","EventLogTest
deviceauth_llt","EventLogTest
deviceauth_llt"
third_party_ejdb,@ohos/ejdb,N,N,N,N,N,N,N,N,N,N,N,N,N,N,Y,N,N,N,N,N,Y,N,Y,Y,N,N,N,Y,N,N,N,Y,Y,N,N,N,N,N,N,N,N,,,,"EventLogTest
deviceauth_llt","EventLogTest
deviceauth_llt","EventLogTest
deviceauth_llt"
third_party_exfatprogs,@ohos/exfatprogs,N,N,N,N,N,N,N,N,N,N,N,N,N,N,Y,N,N,N,N,N,Y,N,Y,Y,N,N,N,Y,N,N,N,Y,Y,N,N,N,N,N,N,N,N,,,,"EventLogTest
deviceauth_llt","EventLogTest
deviceauth_llt","EventLogTest
deviceauth_llt"
third_party_expat,@ohos/expat,N,N,N,N,N,N,N,N,N,N,N,N,N,N,Y,N,N,N,N,N,Y,N,Y,Y,N,N,N,Y,N,N,N,Y,Y,N,N,N,N,N,N,N,N,,,,"EventLogTest
deviceauth_llt","EventLogTest
deviceauth_llt","EventLogTest
deviceauth_llt"
third_party_f2fs-tools,@ohos/f2fs-tools,N,N,N,N,N,N,N,N,N,N,N,N,N,N,Y,N,N,N,N,N,Y,N,Y,Y,N,N,N,Y,N,N,N,Y,Y,N,N,N,N,N,N,N,N,,,,"EventLogTest
deviceauth_llt","EventLogTest
deviceauth_llt","EventLogTest
deviceauth_llt"
third_party_flatbuffers,@ohos/flatbuffers,N,N,N,N,N,N,N,Y,N,N,N,N,N,N,Y,N,N,N,N,N,Y,N,Y,Y,N,N,N,Y,N,N,N,Y,Y,N,N,N,N,N,N,N,N,,,,"EventLogTest
deviceauth_llt","EventLogTest
deviceauth_llt","EventLogTest
deviceauth_llt"
third_party_flutter,@ohos/flutter,N,N,N,N,N,N,N,N,N,N,N,N,N,N,Y,N,N,N,N,N,Y,Y,Y,Y,N,N,N,Y,N,N,N,Y,Y,N,N,N,N,N,N,N,N,,,,"EventLogTest
deviceauth_llt","EventLogTest
deviceauth_llt","EventLogTest
deviceauth_llt"
third_party_freetype,@ohos/freetype,N,N,N,N,N,N,N,N,Y,N,Y,Y,Y,Y,N,N,N,Y,Y,Y,N,N,N,N,N,N,N,Y,N,Y,Y,N,N,N,N,Y,N,N,N,N,N,,,,,,
third_party_fsck_msdos,@ohos/fsck_msdos,N,N,N,N,N,N,N,N,N,N,N,N,N,N,Y,N,N,N,N,N,Y,N,Y,Y,N,N,N,Y,N,N,N,Y,Y,N,N,N,N,N,N,N,N,,,,"EventLogTest
deviceauth_llt","EventLogTest
deviceauth_llt","EventLogTest
deviceauth_llt"
third_party_giflib,@ohos/giflib,N,N,N,N,N,N,N,N,Y,N,Y,Y,Y,Y,Y,N,N,Y,Y,Y,Y,N,Y,Y,N,N,N,Y,N,Y,Y,Y,Y,Y,Y,Y,N,N,N,N,N,,,,"EventLogTest
deviceauth_llt","EventLogTest
deviceauth_llt","EventLogTest
deviceauth_llt"
third_party_glib,@ohos/glib,N,N,N,N,N,N,N,N,N,N,N,N,N,N,Y,N,N,N,N,N,Y,N,Y,Y,N,N,N,Y,N,N,N,Y,Y,N,N,N,N,N,N,N,N,,,,"EventLogTest
deviceauth_llt","EventLogTest
deviceauth_llt","EventLogTest
deviceauth_llt"
third_party_gn,@ohos/gn,Y,Y,N,N,N,N,Y,N,Y,N,Y,N,Y,Y,Y,N,N,N,N,N,Y,N,Y,Y,N,N,N,Y,Y,N,N,Y,Y,N,N,N,N,N,N,N,N,,,,"EventLogTest
deviceauth_llt","EventLogTest
deviceauth_llt","EventLogTest
deviceauth_llt"
third_party_googletest,@ohos/googletest,N,N,N,N,N,N,N,N,Y,N,Y,Y,Y,Y,Y,N,N,Y,Y,Y,Y,N,Y,Y,N,N,N,Y,Y,Y,Y,Y,Y,Y,Y,Y,N,N,N,N,N,,,,"EventLogTest
deviceauth_llt","EventLogTest
deviceauth_llt","EventLogTest
deviceauth_llt"
third_party_gptfdisk,@ohos/gptfdisk,N,N,N,N,N,N,N,N,N,N,N,N,N,N,Y,N,N,N,N,N,Y,N,Y,Y,N,N,N,Y,N,N,N,Y,Y,N,N,N,N,N,N,N,N,,,,"EventLogTest
deviceauth_llt","EventLogTest
deviceauth_llt","EventLogTest
deviceauth_llt"
third_party_grpc,@ohos/grpc,N,N,N,N,N,N,N,N,N,N,N,N,N,N,Y,N,N,N,N,N,Y,N,Y,Y,N,N,N,Y,N,N,N,Y,Y,N,N,N,N,N,N,N,N,,,,"EventLogTest
deviceauth_llt","EventLogTest
deviceauth_llt","EventLogTest
deviceauth_llt"
third_party_gstreamer,@ohos/gstreamer,N,N,N,N,N,N,N,N,N,N,N,N,N,N,Y,N,N,N,N,N,Y,N,Y,Y,N,N,N,Y,N,N,N,Y,Y,N,N,N,N,N,N,N,N,,,,"EventLogTest
deviceauth_llt","EventLogTest
deviceauth_llt","EventLogTest
deviceauth_llt"
third_party_gettext,@ohos/gettext,N,N,N,N,N,N,N,N,N,N,N,N,N,N,Y,N,N,N,N,N,Y,N,Y,Y,N,N,N,Y,N,N,N,Y,Y,N,N,N,N,N,N,N,N,,,,"EventLogTest
deviceauth_llt","EventLogTest
deviceauth_llt","EventLogTest
deviceauth_llt"
third_party_libpsl,@ohos/libpsl,N,N,N,N,N,N,N,N,N,N,N,N,N,N,Y,N,N,N,N,N,Y,N,Y,Y,N,N,N,Y,N,N,N,Y,Y,N,N,N,N,N,N,N,N,,,,"EventLogTest
deviceauth_llt","EventLogTest
deviceauth_llt","EventLogTest
deviceauth_llt"
third_party_libsoup,@ohos/libsoup,N,N,N,N,N,N,N,N,N,N,N,N,N,N,Y,N,N,N,N,N,Y,N,Y,Y,N,N,N,Y,N,N,N,Y,Y,N,N,N,N,N,N,N,N,,,,"EventLogTest
deviceauth_llt","EventLogTest
deviceauth_llt","EventLogTest
deviceauth_llt"
third_party_openh264,@ohos/openh264,N,N,N,N,N,N,N,N,N,N,N,N,N,N,Y,N,N,N,N,N,Y,N,Y,Y,N,N,N,Y,N,N,N,N,Y,N,N,N,N,N,N,N,N,,,,"EventLogTest
deviceauth_llt","EventLogTest
deviceauth_llt","EventLogTest
deviceauth_llt"
third_party_harfbuzz,@ohos/harfbuzz,N,N,N,N,N,N,N,N,N,N,Y,N,Y,Y,N,N,N,N,N,N,N,N,N,N,N,N,N,Y,N,N,N,N,N,N,N,N,N,N,N,N,N,,,,"EventLogTest
deviceauth_llt","EventLogTest
deviceauth_llt","EventLogTest
deviceauth_llt"
third_party_icu,@ohos/icu,N,N,N,N,N,N,N,N,N,N,N,N,Y,Y,Y,N,N,N,N,N,Y,Y,Y,Y,N,N,N,Y,N,N,N,Y,Y,N,N,N,N,N,N,N,N,,,,"EventLogTest
deviceauth_llt","EventLogTest
deviceauth_llt","EventLogTest
deviceauth_llt"
third_party_iniparser,@ohos/iniparser,N,N,N,N,N,N,N,N,Y,N,Y,Y,Y,Y,N,N,N,Y,Y,Y,N,N,N,N,N,N,N,N,N,Y,Y,N,N,N,N,Y,N,N,N,N,N,,,,,,
third_party_iowow,@ohos/iowow,N,N,N,N,N,N,N,N,N,N,N,N,N,N,Y,N,N,N,N,N,Y,N,Y,Y,N,N,N,Y,N,N,N,Y,Y,N,N,N,N,N,N,N,N,,,,"EventLogTest
deviceauth_llt","EventLogTest
deviceauth_llt","EventLogTest
deviceauth_llt"
third_party_jerryscript,@ohos/jerryscript,N,N,N,N,N,N,N,N,Y,N,Y,Y,Y,Y,Y,N,N,Y,Y,Y,Y,Y,Y,Y,N,N,N,Y,N,Y,Y,Y,Y,N,N,Y,N,N,N,N,N,,,,"EventLogTest
deviceauth_llt","EventLogTest
deviceauth_llt","EventLogTest
deviceauth_llt"
third_party_jinja2,@ohos/jinja2,N,N,N,N,N,N,N,N,N,N,Y,N,N,N,Y,N,N,N,N,N,Y,N,Y,Y,N,N,N,Y,Y,N,N,Y,Y,Y,Y,Y,N,N,N,N,N,,,,"EventLogTest
deviceauth_llt","EventLogTest
deviceauth_llt","EventLogTest
deviceauth_llt"
third_party_jsframework,@ohos/jsframework,N,N,N,N,N,N,N,N,N,N,N,N,N,N,Y,N,N,N,N,N,Y,Y,Y,Y,N,N,N,Y,N,N,N,Y,Y,N,N,N,N,N,N,N,N,,,,"EventLogTest
deviceauth_llt","EventLogTest
deviceauth_llt","EventLogTest
deviceauth_llt"
third_party_json,@ohos/json,N,N,N,N,N,N,N,N,N,N,Y,N,Y,Y,Y,N,N,N,N,N,Y,N,Y,Y,N,N,N,Y,N,N,N,Y,Y,Y,Y,Y,N,N,N,N,N,,,,"EventLogTest
deviceauth_llt","EventLogTest
deviceauth_llt","EventLogTest
deviceauth_llt"
third_party_jsoncpp,@ohos/jsoncpp,N,N,N,N,N,N,N,N,N,N,N,N,N,N,Y,N,N,N,N,N,Y,N,Y,Y,N,N,N,Y,N,N,N,Y,Y,N,Y,N,N,N,N,N,N,,,,"EventLogTest
deviceauth_llt","EventLogTest
deviceauth_llt","EventLogTest
deviceauth_llt"
third_party_libcoap,@ohos/libcoap,N,N,N,N,N,N,N,N,N,N,N,N,Y,Y,Y,N,N,N,N,N,Y,N,Y,Y,N,N,N,Y,N,N,N,Y,Y,Y,Y,Y,N,N,N,N,N,,,,"EventLogTest
deviceauth_llt","EventLogTest
deviceauth_llt","EventLogTest
deviceauth_llt"
third_party_libdrm,@ohos/libdrm,N,N,N,N,N,N,N,N,N,N,N,N,N,N,Y,N,N,N,N,N,Y,N,Y,Y,N,N,N,Y,N,N,N,Y,Y,N,N,N,N,N,N,N,N,,,,"EventLogTest
deviceauth_llt","EventLogTest
deviceauth_llt","EventLogTest
deviceauth_llt"
third_party_libevdev,@ohos/libevdev,N,N,N,N,N,N,N,N,N,N,N,N,N,N,Y,N,N,N,N,N,Y,N,Y,Y,N,N,N,Y,N,N,N,Y,Y,N,N,N,N,N,N,N,N,,,,"EventLogTest
deviceauth_llt","EventLogTest
deviceauth_llt","EventLogTest
deviceauth_llt"
third_party_libexif,@ohos/libexif,N,N,N,N,N,N,N,N,N,N,N,N,N,N,Y,N,N,N,N,N,Y,N,Y,Y,N,N,N,Y,N,N,N,N,Y,N,N,N,N,N,N,N,N,,,,EventLogTest,"EventLogTest
deviceauth_llt","EventLogTest
deviceauth_llt"
third_party_libffi,@ohos/libffi,N,N,N,N,N,N,N,N,N,N,N,N,N,N,Y,N,N,N,N,N,Y,N,Y,Y,N,N,N,Y,N,N,N,Y,Y,N,N,N,N,N,N,N,N,,,,"EventLogTest
deviceauth_llt","EventLogTest
deviceauth_llt","EventLogTest
deviceauth_llt"
third_party_libinput,@ohos/libinput,N,N,N,N,N,N,N,N,N,N,N,N,N,N,Y,N,N,N,N,N,Y,N,Y,Y,N,N,N,Y,N,N,N,Y,Y,N,N,N,N,N,N,N,N,,,,"EventLogTest
deviceauth_llt","EventLogTest
deviceauth_llt","EventLogTest
deviceauth_llt"
third_party_libjpeg-turbo,@ohos/libjpeg-turbo,N,N,N,N,N,N,N,N,Y,N,Y,Y,Y,Y,Y,N,N,Y,Y,Y,Y,N,Y,Y,N,N,N,Y,N,Y,Y,Y,Y,N,N,Y,N,N,N,N,N,,,,"EventLogTest
deviceauth_llt","EventLogTest
deviceauth_llt","EventLogTest
deviceauth_llt"
third_party_libphonenumber,@ohos/libphonenumber,N,N,N,N,N,N,N,N,N,N,N,N,N,N,Y,N,N,N,N,N,Y,N,Y,Y,N,N,N,Y,N,N,N,Y,Y,N,N,N,N,N,N,N,N,,,,"EventLogTest
deviceauth_llt","EventLogTest
deviceauth_llt","EventLogTest
deviceauth_llt"
third_party_tzdata,@ohos/tzdata,N,N,N,N,N,N,N,N,N,N,N,N,N,N,Y,N,N,N,N,N,Y,N,Y,Y,N,N,N,Y,N,N,N,N,Y,N,N,N,N,N,N,N,N,,,,"EventLogTest
deviceauth_llt","EventLogTest
deviceauth_llt","EventLogTest
deviceauth_llt"
third_party_libpng,@ohos/libpng,N,N,N,N,N,N,N,N,Y,N,Y,Y,Y,Y,Y,N,N,Y,Y,Y,Y,N,Y,Y,N,N,N,Y,N,Y,Y,Y,Y,Y,Y,Y,N,N,N,N,N,,,,"EventLogTest
deviceauth_llt","EventLogTest
deviceauth_llt","EventLogTest
deviceauth_llt"
third_party_libunwind,@ohos/libunwind,N,N,N,N,N,N,N,N,N,N,N,N,N,N,Y,N,N,N,N,N,Y,N,Y,Y,N,N,N,Y,N,N,N,Y,Y,Y,Y,Y,N,N,N,N,N,,,,"EventLogTest
deviceauth_llt","EventLogTest
deviceauth_llt","EventLogTest
deviceauth_llt"
third_party_libusb,@ohos/libusb,N,N,N,N,N,N,N,N,N,N,N,N,N,N,Y,N,N,N,N,N,Y,Y,Y,Y,N,N,N,Y,N,N,N,Y,Y,Y,Y,Y,N,N,N,N,N,,,,"EventLogTest
deviceauth_llt","EventLogTest
deviceauth_llt","EventLogTest
deviceauth_llt"
third_party_libuv,@ohos/libuv,N,N,N,N,N,N,N,N,N,N,N,N,N,N,Y,N,N,N,N,N,Y,Y,Y,Y,N,N,N,Y,N,N,N,Y,Y,Y,Y,Y,N,N,N,N,N,,,,"EventLogTest
deviceauth_llt","EventLogTest
deviceauth_llt","EventLogTest
deviceauth_llt"
third_party_libxml2,@ohos/libxml2,N,N,N,N,N,N,N,Y,N,N,N,N,N,N,Y,N,N,N,N,N,Y,N,Y,Y,N,N,N,Y,N,N,N,Y,Y,Y,Y,Y,N,N,N,N,N,,,,"EventLogTest
deviceauth_llt","EventLogTest
deviceauth_llt","EventLogTest
deviceauth_llt"
third_party_littlefs,@ohos/littlefs,Y,Y,N,N,N,N,N,N,N,N,Y,N,Y,Y,N,N,N,N,N,N,N,N,N,N,N,N,N,N,N,N,N,N,N,N,N,N,N,N,N,N,N,,,,,,
third_party_ltp,@ohos/ltp,N,N,N,N,N,N,N,N,Y,N,Y,Y,Y,Y,N,N,N,Y,Y,Y,N,N,N,N,N,N,N,N,N,Y,Y,N,N,N,N,Y,N,N,N,N,N,,,,,,
third_party_lwip,@ohos/lwip,Y,N,N,N,N,N,Y,N,Y,N,Y,Y,Y,Y,N,N,N,Y,Y,Y,N,N,N,N,N,N,N,N,N,Y,Y,N,N,N,N,Y,N,N,N,N,N,liteos_a_net_unittest_door.bin,,,,,
third_party_lz4,@ohos/lz4,N,N,N,N,N,N,N,N,N,N,N,N,N,N,Y,N,N,N,N,N,Y,N,Y,Y,N,N,N,Y,N,N,N,Y,Y,Y,Y,Y,N,N,N,N,N,,,,"EventLogTest
deviceauth_llt","EventLogTest
deviceauth_llt","EventLogTest
deviceauth_llt"
third_party_markupsafe,@ohos/markupsafe,N,N,N,N,N,N,N,Y,N,N,N,N,N,N,Y,N,N,N,N,N,Y,N,Y,Y,N,N,N,Y,Y,N,N,Y,Y,Y,Y,Y,N,N,N,N,N,,,,"EventLogTest
deviceauth_llt","EventLogTest
deviceauth_llt","EventLogTest
deviceauth_llt"
third_party_mbedtls,@ohos/mbedtls,Y,Y,N,N,N,N,Y,N,Y,N,Y,Y,Y,Y,Y,N,N,Y,Y,Y,Y,N,Y,Y,N,N,N,Y,N,Y,Y,Y,Y,Y,Y,Y,N,N,N,N,N,,,,"EventLogTest
deviceauth_llt","EventLogTest
deviceauth_llt","EventLogTest
deviceauth_llt"
third_party_mingw-w64,@ohos/mingw_w64,N,N,N,N,N,N,N,N,N,N,N,N,N,N,Y,N,N,N,N,N,Y,N,Y,Y,N,N,N,Y,N,N,N,Y,Y,N,N,N,N,N,N,N,N,,,,"EventLogTest
deviceauth_llt","EventLogTest
deviceauth_llt","EventLogTest
deviceauth_llt"
third_party_mksh,@ohos/mksh,N,N,N,N,N,N,N,N,N,N,Y,N,Y,Y,Y,N,N,Y,Y,Y,Y,N,Y,Y,N,N,N,Y,N,Y,Y,Y,Y,Y,Y,Y,N,N,N,N,N,"liteos_a_basic_unittest_door.bin
liteos_a_process_basic_unittest_door.bin
liteos_a_process_lock_unittest_door.bin
liteos_a_extended_unittest_door.bin
liteos_a_fs_unittest_door.bin
liteos_a_libc_unittest_door.bin
liteos_a_security_unittest_door.bin",,"liteos_a_process_basic_unittest_door.bin
liteos_a_process_lock_unittest_door.bin
liteos_a_extended_unittest_door.bin
liteos_a_fs_unittest_door.bin
liteos_a_libc_unittest_door.bin
liteos_a_security_unittest_door.bin","EventLogTest
deviceauth_llt","EventLogTest
deviceauth_llt","EventLogTest
deviceauth_llt"
third_party_mtdev,@ohos/mtdev,N,N,N,N,N,N,N,N,N,N,Y,N,Y,Y,Y,N,N,Y,Y,Y,Y,N,Y,Y,N,N,N,Y,N,Y,Y,Y,Y,N,N,Y,N,N,N,N,N,,,,"EventLogTest
deviceauth_llt","EventLogTest
deviceauth_llt","EventLogTest
deviceauth_llt"
third_party_musl,@ohos/musl,Y,Y,N,N,N,N,Y,N,Y,N,Y,Y,Y,Y,Y,N,N,Y,Y,Y,Y,Y,Y,Y,N,N,N,Y,Y,Y,Y,Y,Y,Y,Y,Y,N,N,N,N,N,"liteos_a_basic_unittest_door.bin
liteos_a_process_basic_unittest_door.bin
liteos_a_process_lock_unittest_door.bin
liteos_a_drivers_unittest_door.bin
liteos_a_extended_unittest_door.bin
liteos_a_fs_unittest_door.bin
liteos_a_libc_unittest_door.bin
liteos_a_net_unittest_door.bin
liteos_a_security_unittest_door.bin",,"liteos_a_process_basic_unittest_door.bin
liteos_a_process_lock_unittest_door.bin
liteos_a_drivers_unittest_door.bin
liteos_a_extended_unittest_door.bin
liteos_a_fs_unittest_door.bin
liteos_a_libc_unittest_door.bin
liteos_a_security_unittest_door.bin","EventLogTest
deviceauth_llt","EventLogTest
deviceauth_llt","EventLogTest
deviceauth_llt"
third_party_newfs_msdos,@ohos/newfs_msdos,N,N,N,N,N,N,N,N,N,N,N,N,N,N,Y,N,N,N,N,N,Y,N,Y,Y,N,N,N,Y,N,N,N,Y,Y,N,N,N,N,N,N,N,N,,,,"EventLogTest
deviceauth_llt","EventLogTest
deviceauth_llt","EventLogTest
deviceauth_llt"
third_party_nghttp2,@ohos/nghttp2,N,N,N,N,N,N,N,N,N,N,Y,N,Y,Y,Y,N,N,N,N,N,Y,N,Y,Y,N,N,N,Y,N,N,N,N,Y,N,N,N,N,N,N,N,N,,,,"EventLogTest
deviceauth_llt","EventLogTest
deviceauth_llt","EventLogTest
deviceauth_llt"
third_party_ninja,@ohos/ninja,N,N,N,N,N,N,N,N,N,N,N,N,N,N,Y,N,N,N,N,N,Y,N,Y,Y,N,N,N,Y,Y,N,N,Y,Y,N,N,N,N,N,N,N,N,,,,"EventLogTest
deviceauth_llt","EventLogTest
deviceauth_llt","EventLogTest
deviceauth_llt"
third_party_node,@ohos/node,N,N,N,N,N,N,N,N,N,N,N,N,N,N,Y,N,N,N,N,N,Y,Y,Y,Y,N,N,N,Y,N,N,N,Y,Y,Y,Y,Y,N,N,N,N,N,,,,"EventLogTest
deviceauth_llt","EventLogTest
deviceauth_llt","EventLogTest
deviceauth_llt"
third_party_ntfs-3g,@ohos/ntfs-3g,N,N,N,N,N,N,N,N,N,N,N,N,N,N,Y,N,N,N,N,N,Y,N,Y,Y,N,N,N,Y,N,N,N,Y,Y,N,N,N,N,N,N,N,N,,,,"EventLogTest
deviceauth_llt","EventLogTest
deviceauth_llt","EventLogTest
deviceauth_llt"
third_party_openssl,@ohos/openssl,N,Y,N,N,N,N,Y,N,Y,N,Y,Y,Y,Y,Y,N,N,Y,Y,Y,Y,Y,Y,Y,N,N,N,Y,N,Y,Y,Y,Y,Y,Y,Y,N,N,N,N,N,,,,"EventLogTest
deviceauth_llt","EventLogTest
deviceauth_llt","EventLogTest
deviceauth_llt"
third_party_optimized_routines,@ohos/optimized_routines,N,N,N,N,N,N,N,N,Y,N,Y,Y,Y,Y,Y,N,N,Y,Y,Y,Y,N,Y,Y,N,N,N,Y,N,Y,Y,N,Y,N,N,Y,N,N,N,N,N,liteos_a_libc_unittest_door.bin,,liteos_a_libc_unittest_door.bin,,,
third_party_pixman,@ohos/pixman,N,N,N,N,N,N,N,N,N,N,N,N,N,N,Y,N,N,N,N,N,Y,N,Y,Y,N,N,N,Y,N,N,N,Y,Y,N,N,N,N,N,N,N,N,,,,"EventLogTest
deviceauth_llt","EventLogTest
deviceauth_llt","EventLogTest
deviceauth_llt"
third_party_popt,@ohos/popt,N,N,N,N,N,N,N,N,N,N,Y,N,Y,Y,Y,N,N,N,N,N,Y,N,Y,Y,N,N,N,Y,N,N,N,Y,Y,N,Y,N,N,N,N,N,N,,,,"EventLogTest
deviceauth_llt","EventLogTest
deviceauth_llt","EventLogTest
deviceauth_llt"
third_party_protobuf,@ohos/protobuf,N,N,N,N,N,N,N,N,N,N,N,N,N,N,Y,N,N,N,N,N,Y,N,Y,Y,N,N,N,Y,N,N,N,Y,Y,N,N,N,N,N,N,N,N,,,,"EventLogTest
deviceauth_llt","EventLogTest
deviceauth_llt","EventLogTest
deviceauth_llt"
third_party_python,@ohos/python,N,N,N,N,N,N,N,N,N,N,N,N,N,N,Y,N,N,N,N,N,Y,N,Y,Y,N,N,N,Y,Y,N,N,Y,Y,N,N,N,N,N,N,N,N,,,,"EventLogTest
deviceauth_llt","EventLogTest
deviceauth_llt","EventLogTest
deviceauth_llt"
third_party_qrcodegen,@ohos/qrcodegen,N,N,N,N,N,N,N,N,Y,N,Y,Y,Y,Y,Y,N,N,N,N,N,Y,N,Y,Y,N,N,N,Y,N,N,N,Y,Y,N,N,N,N,N,N,N,N,,,,"EventLogTest
deviceauth_llt","EventLogTest
deviceauth_llt","EventLogTest
deviceauth_llt"
third_party_quickjs,@ohos/quickjs,N,N,N,N,N,N,N,N,N,N,N,N,N,N,Y,N,N,N,N,N,Y,Y,Y,Y,N,N,N,Y,N,N,N,Y,Y,N,N,N,N,N,N,N,N,,,,"EventLogTest
deviceauth_llt","EventLogTest
deviceauth_llt","EventLogTest
deviceauth_llt"
third_party_re2,@ohos/re2,N,N,N,N,N,N,N,N,N,N,N,N,N,N,Y,N,N,N,N,N,Y,N,Y,Y,N,N,N,Y,N,N,N,Y,Y,N,N,N,N,N,N,N,N,,,,"EventLogTest
deviceauth_llt","EventLogTest
deviceauth_llt","EventLogTest
deviceauth_llt"
third_party_sqlite,@ohos/sqlite,N,N,N,N,N,N,N,N,N,N,Y,N,Y,Y,Y,N,Y,N,N,N,Y,N,Y,Y,N,N,N,Y,N,N,N,Y,Y,Y,Y,Y,N,N,N,N,N,,,,"EventLogTest
deviceauth_llt","EventLogTest
deviceauth_llt","EventLogTest
deviceauth_llt"
third_party_toybox,@ohos/toybox,N,N,N,N,N,N,N,N,N,N,Y,N,Y,Y,Y,N,N,Y,Y,Y,Y,N,Y,Y,N,N,N,Y,N,Y,Y,Y,Y,Y,Y,Y,N,N,N,N,N,"liteos_a_basic_unittest_door.bin
liteos_a_process_basic_unittest_door.bin
liteos_a_process_lock_unittest_door.bin
liteos_a_extended_unittest_door.bin
liteos_a_fs_unittest_door.bin
liteos_a_libc_unittest_door.bin
liteos_a_security_unittest_door.bin",,"liteos_a_process_basic_unittest_door.bin
liteos_a_process_lock_unittest_door.bin
liteos_a_extended_unittest_door.bin
liteos_a_fs_unittest_door.bin
liteos_a_libc_unittest_door.bin
liteos_a_security_unittest_door.bin","EventLogTest
deviceauth_llt","EventLogTest
deviceauth_llt","EventLogTest
deviceauth_llt"
third_party_unity,@ohos/unity,N,Y,N,N,N,N,Y,N,Y,N,Y,N,Y,Y,Y,N,N,N,N,N,Y,N,Y,Y,N,N,N,Y,Y,N,N,Y,Y,N,N,N,N,N,N,N,N,,,,"EventLogTest
deviceauth_llt","EventLogTest
deviceauth_llt","EventLogTest
deviceauth_llt"
third_party_wayland-ivi-extension,@ohos/wayland_ivi_extension,N,N,N,N,N,N,N,N,N,N,N,N,N,N,Y,N,N,N,N,N,Y,N,Y,Y,N,N,N,Y,N,N,N,Y,Y,N,N,N,N,N,N,N,N,,,,"EventLogTest
deviceauth_llt","EventLogTest
deviceauth_llt","EventLogTest
deviceauth_llt"
third_party_wayland-protocols_standard,@ohos/wayland_protocols_standard,N,N,N,N,N,N,N,N,N,N,N,N,N,N,Y,N,N,N,N,N,Y,N,Y,Y,N,N,N,Y,N,N,N,Y,Y,N,N,N,N,N,N,N,N,,,,"EventLogTest
deviceauth_llt","EventLogTest
deviceauth_llt","EventLogTest
deviceauth_llt"
third_party_wayland_standard,@ohos/wayland_standard,N,N,N,N,N,N,N,N,N,N,N,N,N,N,Y,N,N,N,N,N,Y,N,Y,Y,N,N,N,Y,N,N,N,Y,Y,N,N,N,N,N,N,N,N,,,,"EventLogTest
deviceauth_llt","EventLogTest
deviceauth_llt","EventLogTest
deviceauth_llt"
third_party_weston,@ohos/weston,N,N,N,N,N,N,N,N,N,N,N,N,N,N,Y,N,N,N,N,N,Y,N,Y,Y,N,N,N,Y,N,N,N,Y,Y,N,N,N,N,N,N,N,N,,,,"EventLogTest
deviceauth_llt","EventLogTest
deviceauth_llt","EventLogTest
deviceauth_llt"
third_party_wpa_supplicant,@ohos/wpa_supplicant,N,N,N,N,N,N,N,N,Y,N,Y,Y,Y,Y,Y,N,N,Y,Y,Y,Y,N,Y,Y,N,N,N,Y,N,Y,Y,Y,Y,N,Y,Y,N,N,N,N,N,,,,"EventLogTest
deviceauth_llt","EventLogTest
deviceauth_llt","EventLogTest
deviceauth_llt"
third_party_zlib,@ohos/zlib,N,Y,N,N,N,N,Y,N,Y,N,Y,Y,Y,Y,Y,N,N,Y,Y,Y,Y,Y,Y,Y,N,N,N,Y,N,Y,Y,Y,Y,Y,Y,Y,N,N,N,N,N,,,,"EventLogTest
deviceauth_llt","EventLogTest
deviceauth_llt","EventLogTest
deviceauth_llt"
third_party_pcre2,@ohos/pcre2,N,Y,N,N,N,N,Y,N,Y,N,Y,Y,Y,Y,Y,N,Y,Y,Y,Y,Y,Y,Y,Y,N,Y,N,Y,N,Y,Y,Y,Y,N,N,Y,N,N,N,N,N,,,,"EventLogTest
deviceauth_llt","EventLogTest
deviceauth_llt","EventLogTest
deviceauth_llt"
third_party_selinux,@ohos/selinux,N,Y,N,N,N,N,Y,N,Y,N,Y,Y,Y,Y,Y,N,Y,Y,Y,Y,Y,Y,Y,Y,N,Y,N,Y,N,Y,Y,Y,Y,N,N,Y,N,N,N,N,N,,,,"EventLogTest
deviceauth_llt","EventLogTest
deviceauth_llt","EventLogTest
deviceauth_llt"
update_update_app,@ohos/update_update_app,N,N,N,N,N,N,N,N,N,N,N,N,N,N,Y,N,N,N,N,N,Y,N,Y,Y,N,N,N,Y,N,N,N,Y,Y,N,N,N,N,N,N,N,N,,,,"EventLogTest
deviceauth_llt","EventLogTest
deviceauth_llt","EventLogTest
deviceauth_llt"
update_sys_installer_lite,@ohos/update_sys_installer_lite,N,Y,N,N,N,N,Y,N,Y,N,Y,N,Y,Y,Y,N,Y,Y,Y,Y,Y,N,Y,Y,N,N,N,Y,N,Y,Y,N,Y,N,N,Y,N,N,N,N,N,,,,,,
update_packaging_tools,@ohos/update_packaging_tools,N,N,N,N,N,N,N,Y,N,N,N,N,N,N,Y,N,N,N,N,N,Y,N,Y,Y,N,N,N,Y,N,N,N,Y,Y,N,N,N,N,N,N,N,N,,,,"EventLogTest
deviceauth_llt","EventLogTest
deviceauth_llt","EventLogTest
deviceauth_llt"
update_updater,@ohos/update_updater,N,N,N,N,N,N,N,N,N,N,N,N,N,N,Y,N,N,N,N,N,Y,Y,Y,Y,N,N,N,Y,N,N,N,Y,Y,N,N,N,N,N,N,N,N,,,,"EventLogTest
deviceauth_llt","EventLogTest
deviceauth_llt","EventLogTest
deviceauth_llt"
update_updateservice,@ohos/update_updateservice,N,N,N,N,N,N,N,N,N,N,N,N,N,N,Y,N,N,N,N,N,Y,N,Y,Y,N,N,N,Y,N,N,N,Y,Y,N,N,N,N,N,N,N,N,,,,"EventLogTest
deviceauth_llt","EventLogTest
deviceauth_llt","EventLogTest
deviceauth_llt"
update_sys_installer,@ohos/update_sys_installer,N,N,N,N,N,N,N,N,N,N,N,N,N,N,Y,N,N,N,N,N,Y,N,Y,Y,N,N,N,Y,N,N,N,Y,Y,N,N,N,N,N,N,N,N,,,,"EventLogTest
deviceauth_llt","EventLogTest
deviceauth_llt","EventLogTest
deviceauth_llt"
utils,@ohos/utils,N,N,N,N,N,N,N,N,N,N,Y,N,Y,Y,Y,N,N,N,N,N,Y,N,Y,Y,N,N,N,Y,N,N,N,Y,Y,Y,Y,Y,N,N,N,N,N,,,,"EventLogTest
deviceauth_llt",,
commonlibrary_c_utils,@ohos/commonlibrary_c_utils,N,N,N,N,N,N,N,N,N,N,Y,N,Y,Y,Y,N,N,N,N,N,Y,N,Y,Y,N,N,N,Y,Y,N,N,Y,Y,Y,Y,Y,N,N,N,N,N,,,,"UtilsAshmemTest
UtilsDateTimeTest
UtilsDirectoryTest
UtilsFileTest
UtilsObserverTest
UtilsParcelTest
UtilsRefbaseTest
UtilsSafeBlockQueue
UtilsSafeBlockQueueTracking
UtilsSafeMap
UtilsSafeQueue
UtilsSecurecTest
UtilsSemaphoreTest
UtilsSingletonTest
UtilsSortedVector
UtilsStringTest
UtilsThreadPoolTest
UtilsThreadTest
UtilsUniqueFd","UtilsAshmemTest
UtilsDateTimeTest
UtilsDirectoryTest
UtilsFileTest
UtilsObserverTest
UtilsParcelTest
UtilsRefbaseTest
UtilsSafeBlockQueue
UtilsSafeBlockQueueTracking
UtilsSafeMap
UtilsSafeQueue
UtilsSecurecTest
UtilsSemaphoreTest
UtilsSingletonTest
UtilsSortedVector
UtilsStringTest
UtilsThreadPoolTest
UtilsThreadTest
UtilsUniqueFd","UtilsAshmemTest
UtilsDateTimeTest
UtilsDirectoryTest
UtilsFileTest
UtilsObserverTest
UtilsParcelTest
UtilsRefbaseTest
UtilsSafeBlockQueue
UtilsSafeBlockQueueTracking
UtilsSafeMap
UtilsSafeQueue
UtilsSecurecTest
UtilsSemaphoreTest
UtilsSingletonTest
UtilsSortedVector
UtilsStringTest
UtilsThreadPoolTest
UtilsThreadTest
UtilsUniqueFd"
commonlibrary_utils_lite,@ohos/commonlibrary_utils_lite,Y,Y,N,N,N,N,Y,Y,Y,N,Y,Y,Y,Y,Y,N,Y,Y,Y,Y,Y,N,Y,Y,N,N,N,Y,N,Y,Y,N,Y,N,N,Y,N,N,N,N,N,,,,"EventLogTest
deviceauth_llt","EventLogTest
deviceauth_llt","EventLogTest
deviceauth_llt"
vendor_alientek,@ohos/vendor_alientek,N,N,N,N,N,N,N,N,N,N,N,N,N,N,N,N,N,Y,N,N,N,N,N,N,N,N,N,N,N,N,N,N,N,N,N,N,N,N,N,N,N,,,,,,
vendor_hisilicon,@ohos/vendor_hisilicon,N,N,N,N,N,N,N,N,N,N,Y,Y,Y,Y,N,N,N,N,N,N,N,N,N,N,N,N,N,N,N,N,N,N,N,N,N,N,N,Y,N,N,N,,,,,,
vendor_ohemu,@ohos/vendor_ohemu,N,N,N,N,N,N,N,N,N,N,N,N,N,N,N,N,N,Y,Y,Y,N,N,N,N,N,N,N,N,N,Y,Y,N,N,N,Y,Y,N,N,N,N,N,,,,,,
vendor_bearpi,@ohos/vendor_bearpi,N,N,N,N,N,Y,Y,N,N,N,N,N,N,N,N,N,N,N,N,N,N,N,N,N,N,N,N,N,N,N,N,N,N,N,N,N,N,N,N,N,N,,,,,,
xts_acts,@ohos/xts_acts,N,Y,N,N,N,N,Y,N,Y,N,Y,Y,Y,Y,Y,N,Y,Y,Y,Y,Y,N,Y,N,N,N,N,Y,Y,Y,Y,Y,Y,N,N,Y,N,N,N,N,N,,,,"EventLogTest
deviceauth_llt","EventLogTest
deviceauth_llt","EventLogTest
deviceauth_llt"
xts_tools,@ohos/xts_tools,N,Y,N,N,N,N,Y,N,Y,N,Y,Y,Y,Y,Y,N,Y,Y,Y,Y,Y,N,Y,Y,N,N,N,Y,Y,Y,Y,Y,Y,N,N,Y,N,N,N,N,N,,,,"EventLogTest
deviceauth_llt","EventLogTest
deviceauth_llt","EventLogTest
deviceauth_llt"
xts_device_attest,@ohos/xts_device_attesst,N,N,N,N,N,N,N,N,N,N,N,N,N,N,N,N,N,N,N,N,N,N,N,Y,N,N,N,N,N,N,N,N,N,N,N,N,N,N,N,N,N,,,,,,
xts_device_attest_lite,@ohos/xts_device_attesst_lite,N,N,N,N,N,N,N,N,N,N,Y,N,Y,Y,N,N,N,N,N,N,N,N,N,N,N,N,N,N,N,N,N,N,N,N,N,N,N,N,N,N,N,,,,,,
applications_photos,@ohos/applications_photos,N,N,N,N,N,N,N,N,N,N,N,N,N,N,Y,N,N,N,N,N,Y,N,Y,Y,N,N,N,Y,N,N,N,Y,Y,N,N,N,N,N,N,N,N,,,,"EventLogTest
deviceauth_llt","EventLogTest
deviceauth_llt","EventLogTest
deviceauth_llt"
applications_permission_manager,@ohos/applications_permission_manager,N,N,N,N,N,N,N,N,N,N,N,N,N,N,Y,N,N,N,N,N,Y,N,Y,Y,N,N,N,Y,N,N,N,Y,Y,N,N,N,N,N,N,N,N,,,,"EventLogTest
deviceauth_llt","EventLogTest
deviceauth_llt","EventLogTest
deviceauth_llt"
notification_distributed_notification_service,@ohos/notification_distributed_notification_service,N,N,N,N,N,N,N,N,N,N,N,N,N,N,Y,N,N,N,N,N,Y,N,Y,Y,N,N,N,Y,N,N,N,Y,Y,N,Y,N,N,N,N,N,N,,,,"EventLogTest
deviceauth_llt","EventLogTest
deviceauth_llt","EventLogTest
deviceauth_llt"
powermgr_battery_lite,@ohos/powermgr_battery_lite,N,Y,N,N,N,N,Y,N,Y,N,Y,N,Y,Y,N,N,Y,N,N,N,N,N,N,N,N,N,N,N,N,N,N,N,N,N,N,N,N,N,N,N,N,,,,,,
distributedhardware_device_manager,@ohos/device_manager,N,N,N,N,N,N,N,N,N,N,Y,N,Y,Y,Y,N,N,N,N,N,Y,N,Y,Y,N,N,N,Y,N,N,N,Y,Y,Y,Y,Y,N,N,N,N,N,,,,"EventLogTest
deviceauth_llt","EventLogTest
deviceauth_llt","EventLogTest
deviceauth_llt"
multimedia_medialibrary_standard,@ohos/media_library,N,N,N,N,N,N,N,N,N,N,N,N,N,N,Y,N,N,N,N,N,Y,N,Y,Y,N,N,N,Y,N,N,N,Y,Y,N,N,N,N,N,N,N,N,,,,"EventLogTest
deviceauth_llt
mediascanner_unittest","EventLogTest
deviceauth_llt
mediascanner_unittest","EventLogTest
deviceauth_llt
mediascanner_unittest"
multimedia_image_framework,@ohos/multimedia_image_framework,N,N,N,N,N,N,N,N,N,N,N,N,N,N,Y,N,N,N,N,N,Y,Y,Y,Y,N,N,N,Y,N,N,N,Y,Y,N,N,N,N,N,N,N,N,,,,"EventLogTest
deviceauth_llt","EventLogTest
deviceauth_llt","EventLogTest
deviceauth_llt"
third_party_libsnd,@ohos/third_party_libsnd,N,N,N,N,N,N,N,N,N,N,N,N,N,N,Y,N,N,N,N,N,Y,N,Y,Y,N,N,N,Y,N,N,N,Y,Y,N,N,N,N,N,N,N,N,,,,"EventLogTest
deviceauth_llt","EventLogTest
deviceauth_llt","EventLogTest
deviceauth_llt"
third_party_pulseaudio,@ohos/third_party_pulseaudio,N,N,N,N,N,N,N,N,N,N,N,N,N,N,Y,N,N,N,N,N,Y,N,Y,Y,N,N,N,Y,N,N,N,Y,Y,N,N,N,N,N,N,N,N,,,,"EventLogTest
deviceauth_llt","EventLogTest
deviceauth_llt","EventLogTest
deviceauth_llt"
third_party_ffmpeg,@ohos/third_party_ffmpeg,N,N,N,N,N,N,N,N,Y,N,Y,Y,Y,Y,Y,N,N,N,N,N,Y,N,Y,Y,N,N,N,Y,N,N,N,Y,Y,N,N,N,N,N,N,N,N,,,,"EventLogTest
deviceauth_llt","EventLogTest
deviceauth_llt","EventLogTest
deviceauth_llt"
commonlibrary_ets_utils,@ohos/commonlibrary_ets_utils,N,N,N,N,N,N,N,N,N,N,N,N,N,N,Y,N,N,N,N,N,Y,N,Y,Y,N,N,N,Y,N,N,N,Y,Y,N,Y,N,N,N,N,N,N,,,,"EventLogTest
deviceauth_llt","EventLogTest
deviceauth_llt","EventLogTest
deviceauth_llt"
developtools_ace_js2bundle,@ohos/developtools_ace_js2bundle,N,N,N,N,N,N,N,N,N,N,N,N,Y,Y,Y,N,N,N,N,N,Y,Y,Y,Y,N,N,N,Y,Y,N,N,Y,Y,N,Y,N,N,N,N,N,N,,,,"EventLogTest
deviceauth_llt","EventLogTest
deviceauth_llt","EventLogTest
deviceauth_llt"
developtools_ace_ets2bundle,@ohos/developtools_ace_ets2bundle,N,N,N,N,N,N,N,N,N,N,N,N,Y,Y,Y,N,N,N,N,N,Y,Y,Y,Y,N,N,N,Y,Y,N,N,Y,Y,N,Y,N,N,N,N,N,N,,,,"EventLogTest
deviceauth_llt","EventLogTest
deviceauth_llt","EventLogTest
deviceauth_llt"
third_party_weex-loader,@ohos/third_party_weex-loader,N,N,N,N,N,N,N,N,N,N,N,N,Y,Y,Y,N,N,N,N,N,Y,Y,Y,Y,N,N,N,Y,Y,N,N,Y,Y,N,N,N,N,N,N,N,N,,,,"EventLogTest
deviceauth_llt","EventLogTest
deviceauth_llt","EventLogTest
deviceauth_llt"
third_party_parse5,@ohos/third_party_parse5,N,N,N,N,N,N,N,N,N,N,N,N,Y,Y,Y,N,N,N,N,N,Y,Y,Y,Y,N,N,N,Y,Y,N,N,Y,Y,N,N,N,N,N,N,N,N,,,,"EventLogTest
deviceauth_llt","EventLogTest
deviceauth_llt","EventLogTest
deviceauth_llt"
third_party_glfw,@ohos/third_party_glfw,N,N,N,N,N,N,N,N,N,N,N,N,N,N,Y,N,N,N,N,N,Y,N,Y,Y,N,N,N,Y,N,N,N,Y,Y,N,N,N,N,N,N,N,N,,,,"EventLogTest
deviceauth_llt","EventLogTest
deviceauth_llt","EventLogTest
deviceauth_llt"
arkcompiler_runtime_core,@ohos/arkcompiler_runtime_core,N,N,N,N,N,N,N,N,N,N,N,N,N,N,Y,N,N,N,N,N,Y,Y,Y,N,Y,Y,Y,Y,N,N,N,Y,Y,N,Y,N,N,N,N,N,N,,,,"EventLogTest
deviceauth_llt","EventLogTest
deviceauth_llt","EventLogTest
deviceauth_llt"
arkcompiler_ets_runtime,@ohos/arkcompiler_ets_runtime,N,N,N,N,N,N,N,N,N,N,N,N,N,N,Y,N,N,N,N,N,Y,Y,Y,Y,Y,N,Y,Y,N,N,N,Y,Y,N,Y,N,N,N,N,N,N,,,,"DebuggerCommandsTest
EcmaDebugApiTest
EcmaModuleTest
JsFunctionTest
JsnapiTest
LinkedHashTableTest
ObjectFactoryTest
TaggedValueTest
WeakRefStwGcTest","EventLogTest
deviceauth_llt","EventLogTest
deviceauth_llt"
arkcompiler_ets_frontend,@ohos/arkcompiler_ets_frontend,N,N,N,N,N,N,N,N,N,N,N,N,N,N,Y,N,N,N,N,N,Y,Y,Y,Y,Y,N,Y,Y,N,N,N,Y,Y,N,Y,N,N,N,N,N,N,,,,"EventLogTest
deviceauth_llt","EventLogTest
deviceauth_llt","EventLogTest
deviceauth_llt"
arkcompiler_toolchain,@ohos/arkcompiler_toolchain,N,N,N,N,N,N,N,N,N,N,N,N,N,N,Y,N,N,N,N,N,Y,Y,Y,Y,Y,N,Y,Y,N,N,N,Y,Y,N,Y,N,N,N,N,N,N,,,,,,
sensors_miscdevice,@ohos/sensors_miscdevice,N,N,N,N,N,N,N,N,N,N,N,N,N,N,Y,N,N,N,N,N,Y,N,Y,Y,,,,Y,N,N,N,Y,Y,N,N,N,N,N,N,N,N,,,,"EventLogTest
deviceauth_llt","EventLogTest
deviceauth_llt","EventLogTest
deviceauth_llt"
sensors_sensor,@ohos/sensors_sensor,N,N,N,N,N,N,N,N,N,N,N,N,N,N,Y,N,N,N,N,N,Y,N,Y,Y,,,,Y,N,N,N,Y,Y,N,N,N,N,N,N,N,N,,,,"EventLogTest
deviceauth_llt","EventLogTest
deviceauth_llt","EventLogTest
deviceauth_llt"
sensors_start,@ohos/sensors_start,N,N,N,N,N,N,N,N,N,N,N,N,N,N,Y,N,N,N,N,N,Y,N,Y,Y,,,,Y,N,N,N,Y,Y,N,N,N,N,N,N,N,N,,,,"EventLogTest
deviceauth_llt","EventLogTest
deviceauth_llt","EventLogTest
deviceauth_llt"
usb_usb_manager,@ohos/usb_manager,N,N,N,N,N,N,N,N,N,N,N,N,N,N,Y,N,N,N,N,N,Y,N,Y,Y,N,N,N,Y,N,N,N,Y,Y,N,N,N,N,N,N,N,N,,,,"EventLogTest
deviceauth_llt","EventLogTest
deviceauth_llt","EventLogTest
deviceauth_llt"
third_party_egl,@ohos/EGL,N,N,N,N,N,N,N,N,N,N,N,N,N,N,Y,N,N,N,N,N,Y,N,Y,Y,N,N,N,Y,N,N,N,Y,Y,N,N,N,N,N,N,N,N,,,,"EventLogTest
deviceauth_llt","EventLogTest
deviceauth_llt","EventLogTest
deviceauth_llt"
third_party_opengles,@ohos/openGLES,N,N,N,N,N,N,N,N,N,N,N,N,N,N,Y,N,N,N,N,N,Y,N,Y,Y,N,N,N,Y,N,N,N,Y,Y,N,N,N,N,N,N,N,N,,,,"EventLogTest
deviceauth_llt","EventLogTest
deviceauth_llt","EventLogTest
deviceauth_llt"
window_window_manager,@ohos/window_window_manager,N,N,N,N,N,N,N,N,N,N,N,N,N,N,Y,N,N,N,N,N,Y,Y,Y,N,N,N,N,Y,N,N,N,Y,Y,N,N,N,N,N,N,N,N,,,,"EventLogTest
deviceauth_llt","EventLogTest
deviceauth_llt","EventLogTest
deviceauth_llt"
third_party_skia,@ohos/skia,N,N,N,N,N,N,N,N,N,N,N,N,N,N,Y,N,N,N,N,N,Y,N,Y,Y,N,N,Y,Y,N,N,N,Y,Y,N,N,N,N,N,N,N,N,,,,"EventLogTest
deviceauth_llt","EventLogTest
deviceauth_llt","EventLogTest
deviceauth_llt"
vendor_hihope,@ohos/vendor_hihope,Y,N,N,N,N,N,N,N,N,N,N,N,N,N,N,N,N,N,N,N,Y,N,Y,Y,N,N,N,Y,N,N,N,N,Y,N,N,N,N,N,N,N,N,,,,,"EventLogTest
deviceauth_llt","EventLogTest
deviceauth_llt"
device_board_hihope,@ohos/device_board_hihope,Y,N,N,N,N,N,N,N,N,N,N,N,N,N,N,N,N,N,N,N,Y,N,Y,Y,N,N,N,Y,N,N,N,N,Y,N,N,N,N,N,N,N,N,,,,,"EventLogTest
deviceauth_llt","EventLogTest
deviceauth_llt"
device_soc_rockchip,@ohos/device_soc_rockchip,N,N,N,N,N,N,N,N,N,N,N,N,N,N,N,N,N,N,N,N,Y,N,Y,Y,N,N,N,Y,N,N,N,N,Y,N,N,N,N,N,N,N,N,,,,,"EventLogTest
deviceauth_llt","EventLogTest
deviceauth_llt"
xts_hats,@ohos/xts_hats,N,N,N,N,N,N,Y,N,N,N,Y,Y,Y,Y,Y,N,Y,Y,Y,Y,Y,N,Y,Y,N,N,N,Y,Y,Y,Y,Y,Y,N,N,Y,N,N,N,N,N,,,,"EventLogTest
deviceauth_llt","EventLogTest
deviceauth_llt","EventLogTest
deviceauth_llt"
deviceprofile_device_info_manager,@ohos/device_info_manager,N,N,N,N,N,N,N,N,N,N,N,N,N,N,Y,N,N,N,N,N,Y,N,Y,Y,N,N,N,Y,N,N,N,Y,Y,N,N,N,N,N,N,N,N,,,,profile_crud_test,profile_crud_test,profile_crud_test
device_soc_bestechnic,@ohos/device_soc_bestechnic,N,N,N,N,N,N,N,N,Y,N,N,N,N,N,N,N,N,N,N,N,N,N,N,N,N,N,N,N,N,N,N,N,N,N,N,N,N,N,N,N,N,,,,,,
device_board_fnlink,@ohos/device_board_fnlink,N,N,N,N,N,N,N,N,Y,N,N,N,N,N,N,N,N,N,N,N,N,N,N,N,N,N,N,N,N,N,N,N,N,N,N,N,N,N,N,N,N,,,,,,
vendor_bestechnic,@ohos/vendor_bestechnic,N,N,N,N,N,N,N,N,Y,N,N,N,N,N,N,N,N,N,N,N,N,N,N,N,N,N,N,N,N,N,N,N,N,N,N,N,N,N,N,N,N,,,,,,
device_soc_goodix,@ohos/device_soc_goodix,N,Y,N,N,N,N,N,N,N,N,N,N,N,N,N,N,N,N,N,N,N,N,N,N,N,N,N,N,N,N,N,N,N,N,N,N,N,N,N,N,N,,,,,,
device_board_goodix,@ohos/device_board_goodix,N,Y,N,N,N,N,N,N,N,N,N,N,N,N,N,N,N,N,N,N,N,N,N,N,N,N,N,N,N,N,N,N,N,N,N,N,N,N,N,N,N,,,,,,
vendor_goodix,@ohos/vendor_goodix,N,Y,N,N,N,N,N,N,N,N,N,N,N,N,N,N,N,N,N,N,N,N,N,N,N,N,N,N,N,N,N,N,N,N,N,N,N,N,N,N,N,,,,,,
developtools_hiperf,@ohos/developtools_hiperf,N,N,N,N,N,N,N,N,N,N,N,N,N,N,Y,N,N,N,N,N,Y,N,Y,Y,N,N,N,Y,N,N,N,Y,Y,N,N,N,N,N,N,N,N,,,,"EventLogTest
deviceauth_llt","EventLogTest
deviceauth_llt","EventLogTest
deviceauth_llt"
resourceschedule_resource_schedule_service,@ohos/resource_schedule_service,N,N,N,N,N,N,N,N,N,N,N,N,N,N,Y,N,N,N,N,N,Y,N,Y,Y,N,N,N,Y,N,N,N,Y,Y,N,N,N,N,N,N,N,N,,,,"EventLogTest
deviceauth_llt","EventLogTest
deviceauth_llt","EventLogTest
deviceauth_llt"
resourceschedule_background_task_mgr,@ohos/background_task_mgr,N,N,N,N,N,N,N,N,N,N,N,N,N,N,Y,N,N,N,N,N,Y,N,Y,Y,N,N,N,Y,N,N,N,Y,Y,N,N,N,N,N,N,N,N,,,,"EventLogTest
deviceauth_llt","EventLogTest
deviceauth_llt","EventLogTest
deviceauth_llt"
resourceschedule_device_usage_statistics,@ohos/device_usage_statistics,N,N,N,N,N,N,N,N,N,N,N,N,N,N,Y,N,N,N,N,N,Y,N,Y,Y,N,N,N,Y,N,N,N,Y,Y,N,N,N,N,N,N,N,N,,,,"EventLogTest
deviceauth_llt","EventLogTest
deviceauth_llt","EventLogTest
deviceauth_llt"
resourceschedule_work_scheduler,@ohos/work_scheduler,N,N,N,N,N,N,N,N,N,N,N,N,N,N,Y,N,N,N,N,N,Y,N,Y,Y,N,N,N,Y,N,N,N,Y,Y,N,N,N,N,N,N,N,N,,,,"EventLogTest
deviceauth_llt","EventLogTest
deviceauth_llt","EventLogTest
deviceauth_llt"
resourceschedule_memmgr,@ohos/memmgr,N,N,N,N,N,N,N,N,N,N,N,N,N,N,Y,N,N,N,N,N,Y,N,Y,Y,N,N,N,Y,N,N,N,Y,Y,N,N,N,N,N,N,N,N,,,,"reclaim_priority_manager_test
kernel_interface_test
memcg_test
user_memcg_test
memcg_mgr_test
multi_account_manager_test
reclaim_strategy_manager_test","reclaim_priority_manager_test
kernel_interface_test
memcg_test
user_memcg_test
memcg_mgr_test
multi_account_manager_test
reclaim_strategy_manager_test","reclaim_priority_manager_test
kernel_interface_test
memcg_test
user_memcg_test
memcg_mgr_test
multi_account_manager_test
reclaim_strategy_manager_test"
frame_aware_sched,@ohos/frame_aware_sched,N,N,N,N,N,N,N,N,N,N,N,N,N,N,Y,N,N,N,N,N,Y,N,Y,Y,N,N,N,Y,N,N,N,Y,Y,N,N,N,N,N,N,N,N,,,,"EventLogTest
deviceauth_llt","EventLogTest
deviceauth_llt","EventLogTest
deviceauth_llt"
third_party_pyyaml,@ohos/pyyaml,N,N,N,N,N,N,N,N,N,N,Y,N,Y,Y,Y,N,N,Y,Y,Y,Y,N,Y,Y,N,N,N,Y,N,Y,Y,Y,Y,Y,Y,Y,N,N,N,N,N,,,,"EventLogTest
deviceauth_llt","EventLogTest
deviceauth_llt","EventLogTest
deviceauth_llt"
developtools_hapsigner,@ohos/developtools_hapsigner,N,N,N,N,N,N,N,N,N,N,N,N,N,N,Y,N,N,N,N,N,Y,Y,Y,Y,N,N,N,Y,N,N,N,Y,Y,N,N,N,N,N,N,N,N,,,,"EventLogTest
deviceauth_llt","EventLogTest
deviceauth_llt","EventLogTest
deviceauth_llt"
third_party_opensles,@ohos/openSLES,N,N,N,N,N,N,N,N,N,N,N,N,N,N,Y,N,N,N,N,N,Y,Y,Y,Y,N,N,N,Y,N,N,N,Y,Y,N,N,N,N,N,N,N,N,,,,"EventLogTest
deviceauth_llt","EventLogTest
deviceauth_llt","EventLogTest
deviceauth_llt"
third_party_libnl,@ohos/libnl,N,N,N,N,N,N,N,N,N,N,N,N,N,N,Y,N,N,N,N,N,Y,N,Y,Y,N,N,N,Y,N,N,N,N,Y,N,Y,N,N,N,N,N,N,,,,"EventLogTest
deviceauth_llt","EventLogTest
deviceauth_llt","EventLogTest
deviceauth_llt"
third_party_openmax,@ohos/openmax,N,N,N,N,N,N,N,N,N,N,N,N,Y,Y,Y,N,N,N,N,Y,Y,N,Y,Y,N,N,N,Y,N,N,N,N,Y,N,N,Y,N,N,N,N,N,,,,"EventLogTest
deviceauth_llt","EventLogTest
deviceauth_llt","EventLogTest
deviceauth_llt"
third_party_typescript,@ohos/third_party_typescript,N,N,N,N,N,N,N,N,N,N,N,N,N,N,Y,N,N,N,N,N,Y,Y,Y,Y,N,N,N,Y,Y,N,N,Y,Y,N,Y,N,N,N,N,N,N,,,,"EventLogTest
deviceauth_llt","EventLogTest
deviceauth_llt","EventLogTest
deviceauth_llt"
third_party_typescript_eslint,@ohos/third_party_typescript_eslint,N,N,N,N,N,N,N,N,N,N,N,N,N,N,Y,N,N,N,N,N,Y,N,Y,Y,N,N,N,Y,N,N,N,Y,Y,N,Y,N,N,N,N,N,N,,,,"EventLogTest
deviceauth_llt","EventLogTest
deviceauth_llt","EventLogTest
deviceauth_llt"
distributedhardware_distributed_hardware_fwk,@ohos/distributed_hardware_fwk,N,N,N,N,N,N,N,N,N,N,N,N,N,N,Y,N,N,N,N,N,Y,N,Y,Y,N,N,N,Y,N,N,N,N,Y,N,Y,N,N,N,N,N,N,,,,"AccessManagerTest
ComponentLoaderTest
ComponentManagerTest
ResourceManagerTest
DHTaskTest
VersionManagerTest
DistributedHardwareManagerTest
EventBusTest
UtilsToolTest","AccessManagerTest
ComponentLoaderTest
ComponentManagerTest
ResourceManagerTest
DHTaskTest
VersionManagerTest
DistributedHardwareManagerTest
EventBusTest
UtilsToolTest","AccessManagerTest
ComponentLoaderTest
ComponentManagerTest
ResourceManagerTest
DHTaskTest
VersionManagerTest
DistributedHardwareManagerTest
EventBusTest
UtilsToolTest"
utils_memory,@ohos/utils_memory,N,N,N,N,N,N,N,N,N,N,N,N,N,N,Y,N,N,N,N,N,Y,N,Y,Y,N,N,N,Y,N,N,N,Y,Y,N,Y,N,N,N,N,N,N,,,,DmabufAllocTest,DmabufAllocTest,DmabufAllocTest
msdp_device_status,@ohos/msdp_device_status,N,N,N,N,N,N,N,N,N,N,N,N,N,N,Y,N,N,N,N,N,Y,N,Y,Y,N,N,N,Y,N,N,N,Y,Y,N,N,N,N,N,N,N,N,,,,"EventLogTest
deviceauth_llt","EventLogTest
deviceauth_llt","EventLogTest
deviceauth_llt"
developtools_syscap_codec,@ohos/syscap_codec,N,N,N,N,N,N,N,N,N,N,Y,N,Y,Y,Y,N,Y,N,N,N,Y,Y,Y,Y,N,N,N,Y,N,N,N,N,Y,N,N,N,N,N,N,N,N,init_test.bin,,init_test.bin,"BmsBundleInstallerTest
BmsBundleUninstallerTest
BmsServiceStartupTest
BmsBundleParserTest","BmsBundleInstallerTest
BmsBundleUninstallerTest
BmsServiceStartupTest
BmsBundleParserTest","BmsBundleInstallerTest
BmsBundleUninstallerTest
BmsServiceStartupTest
BmsBundleParserTest"
third_party_mindspore,@ohos/third_party_mindspore,N,N,N,N,N,N,N,N,N,N,N,N,N,N,Y,N,Y,N,N,N,Y,Y,Y,Y,N,N,N,Y,Y,N,N,N,Y,N,N,N,N,N,N,N,N,,,,"EventLogTest
deviceauth_llt","EventLogTest
deviceauth_llt","EventLogTest
deviceauth_llt"
sensors_medical_sensor,@ohos/sensors_medical_sensor,N,N,N,N,N,N,N,N,N,N,N,N,N,N,Y,N,N,N,N,N,Y,N,Y,Y,,,,Y,N,N,N,Y,Y,N,N,N,N,N,N,N,N,,,,"EventLogTest
deviceauth_llt","EventLogTest
deviceauth_llt","EventLogTest
deviceauth_llt"
developtools_global_resource_tool,@ohos/developtools_global_resource_tool,N,N,N,N,N,N,N,N,N,N,Y,N,Y,Y,Y,N,N,N,N,N,Y,Y,Y,Y,N,N,N,Y,N,N,N,N,Y,N,N,N,N,N,N,N,N,,,,,,
web_webview,@ohos/web,N,N,N,N,N,N,N,N,N,N,N,N,N,N,Y,N,N,N,N,N,Y,N,Y,Y,N,N,N,Y,Y,N,N,N,Y,N,N,N,N,N,N,N,N,,,,,nweb_helper_test,nweb_helper_test
third_party_cef,@ohos/cef,N,N,N,N,N,N,N,N,N,N,N,N,N,N,Y,N,N,N,N,N,Y,N,Y,Y,N,N,N,Y,N,N,N,N,Y,N,N,N,N,N,N,N,N,,,,,,
third_party_chromium,@ohos/chromium,N,N,N,N,N,N,N,N,N,N,N,N,N,N,Y,N,N,N,N,N,Y,N,Y,Y,N,N,N,Y,N,N,N,N,Y,N,N,N,N,N,N,N,N,,,,,,
distributedhardware_distributed_camera,@ohos/distributed_camera,N,N,N,N,N,N,N,N,N,N,N,N,N,N,Y,N,N,N,N,N,Y,N,Y,Y,N,N,N,Y,N,N,N,N,Y,N,N,N,N,N,N,N,N,,,,,,
distributedhardware_distributed_screen,@ohos/distributed_screen,N,N,N,N,N,N,N,N,N,N,N,N,N,N,Y,N,N,N,N,N,Y,N,Y,Y,N,N,N,Y,N,N,N,N,Y,N,N,N,N,N,N,N,N,,,,,,
applications_notes,@ohos/applications_notes,N,N,N,N,N,N,N,N,N,N,N,N,N,N,Y,N,N,N,N,N,Y,N,Y,N,N,N,N,Y,N,N,N,N,Y,N,,N,N,N,N,N,N,,,,,,
xts_dcts,@ohos/xts_dcts,N,N,N,N,N,N,Y,N,N,N,Y,Y,Y,Y,Y,N,Y,N,N,N,Y,N,Y,Y,N,N,N,Y,Y,Y,Y,Y,Y,N,N,N,N,N,N,N,N,,,,,,
base_location,@ohos/base_location,N,N,N,N,N,N,N,N,N,N,N,N,N,N,Y,N,N,N,N,N,Y,N,Y,Y,N,N,N,Y,N,N,N,Y,Y,N,N,N,N,N,N,N,N,,,,GeocodeServiceAbilityTest,GeocodeServiceAbilityTest,GeocodeServiceAbilityTest
ostest_wukong,@ohos/ostest_wukong,N,N,N,N,N,N,N,N,N,N,Y,N,Y,Y,Y,N,N,N,N,N,Y,N,Y,Y,N,N,N,Y,N,N,N,Y,Y,N,N,N,N,N,N,N,N,,,,,,
testfwk_arkxtest,@ohos/testfwk_arkxtest,N,N,N,N,N,N,N,N,N,N,Y,N,Y,Y,Y,N,N,N,N,N,Y,N,Y,Y,N,N,N,Y,Y,N,N,Y,Y,N,N,N,N,N,N,N,N,,,,,,
device_soc_asrmicro,@ohos/device_soc_asrmicro,N,N,N,N,N,N,N,Y,N,N,N,N,N,N,N,N,N,N,N,N,N,N,N,N,N,N,N,N,N,N,N,N,N,N,N,N,N,N,N,N,N,,,,,,
device_board_lango,@ohos/device_board_lango,N,N,N,N,N,N,N,Y,N,N,N,N,N,N,N,N,N,N,N,N,N,N,N,N,N,N,N,N,N,N,N,N,N,N,N,N,N,N,N,N,N,,,,,,
vendor_asrmicro,@ohos/vendor_asrmicro,N,N,N,N,N,N,N,Y,N,N,N,N,N,N,N,N,N,N,N,N,N,N,N,N,N,N,N,N,N,N,N,N,N,N,N,N,N,N,N,N,N,,,,,,
device_soc_st,@ohos/device_soc_st,N,N,N,N,N,Y,N,N,N,N,N,N,N,N,N,N,N,N,N,N,N,N,N,N,N,N,N,N,N,N,N,N,N,N,N,N,N,N,N,N,N,,,,,,
device_soc_winnermicro,@ohos/device_soc_winnermicro,Y,N,N,N,N,N,N,N,N,N,N,N,N,N,N,N,N,N,N,N,N,N,N,N,N,N,N,N,N,N,N,N,N,N,N,N,N,N,N,N,N,,,,,,
device_board_talkweb,@ohos/device_board_talkweb,N,N,N,N,N,N,N,N,N,N,N,N,N,N,N,N,N,N,N,N,N,N,N,N,N,N,N,N,N,N,N,N,N,N,N,N,N,N,N,N,N,,,,,,
vendor_talkweb,@ohos/vendor_talkweb,N,N,N,N,N,N,N,N,N,N,N,N,N,N,N,N,N,N,N,N,N,N,N,N,N,N,N,N,N,N,N,N,N,N,N,N,N,N,N,N,N,,,,,,
third_party_libwebsockets,@ohos/libwebsockets,N,N,N,N,N,N,N,N,N,N,N,N,N,N,Y,N,N,N,N,N,Y,N,Y,Y,N,N,N,Y,N,N,N,N,Y,N,N,N,N,N,N,N,N,,,,,,
third_party_flatbuffers,@ohos/third_party_flatbuffers,N,N,N,N,N,N,N,N,N,N,N,N,N,N,Y,N,Y,N,N,N,Y,N,Y,Y,N,N,N,Y,N,N,N,N,N,N,N,N,N,N,N,N,N,,,,"EventLogTest
deviceauth_llt","EventLogTest
deviceauth_llt","EventLogTest
deviceauth_llt"
device_soc_allwinner,@ohos/device_soc_allwinner,N,N,N,N,N,N,N,N,N,N,N,N,N,N,N,N,N,N,N,N,N,N,N,N,N,N,N,N,N,N,N,N,N,N,N,N,Y,N,N,N,N,,,,,,
device_board_isoftstone,@ohos/device_board_isoftstone,N,N,N,N,N,N,N,N,N,N,N,N,N,N,N,N,N,N,N,N,N,N,N,N,N,N,N,N,N,N,N,N,N,N,N,N,Y,N,N,N,N,,,,,,
vendor_isoftstone,@ohos/vendor_isoftstone,N,N,N,N,N,N,N,N,N,N,N,N,N,N,N,N,N,N,N,N,N,N,N,N,N,N,N,N,N,N,N,N,N,N,N,N,Y,N,N,N,N,,,,,,
device_soc_chipsea,@ohos/device_soc_chipsea,N,N,N,N,N,N,N,N,N,Y,N,N,N,N,N,N,N,N,N,N,N,N,N,N,N,N,N,N,N,N,N,N,N,N,N,N,N,N,N,N,N,,,,,,
device_board_chipsea,@ohos/device_board_chipsea,N,N,N,N,N,N,N,N,N,Y,N,N,N,N,N,N,N,N,N,N,N,N,N,N,N,N,N,N,N,N,N,N,N,N,N,N,N,N,N,N,N,,,,,,
vendor_chipsea,@ohos/vendor_chipsea,N,N,N,N,N,N,N,N,N,Y,N,N,N,N,N,N,N,N,N,N,N,N,N,N,N,N,N,N,N,N,N,N,N,N,N,N,N,N,N,N,N,,,,,,
napi_generator,@ohos/napi_generator,N,N,N,N,N,N,N,N,N,N,N,N,N,N,Y,N,N,N,N,N,Y,N,Y,Y,N,N,N,Y,N,N,N,N,Y,N,N,N,N,N,N,N,N,,,,,,
third_party_alsa-lib,@ohos/alsa-lib,N,N,N,N,N,N,N,N,N,N,N,N,N,N,Y,N,N,N,N,N,Y,N,Y,Y,N,N,N,Y,N,N,N,N,Y,N,N,N,N,N,N,N,N,,,,,,
third_party_alsa-utils,@ohos/alsa-utils,N,N,N,N,N,N,N,N,N,N,N,N,N,N,Y,N,N,N,N,N,Y,N,Y,Y,N,N,N,Y,N,N,N,N,Y,N,N,N,N,N,N,N,N,,,,,,
device_board_osware,@ohos/device_board_osware,N,N,N,N,N,N,N,N,N,N,N,N,N,N,N,N,N,N,N,N,N,N,N,N,N,N,N,N,N,N,N,N,N,N,N,N,N,N,Y,N,N,,,,,,
device_soc_nxp,@ohos/device_soc_nxp,N,N,N,N,N,N,N,N,N,N,N,N,N,N,N,N,N,N,N,N,N,N,N,N,N,N,N,N,N,N,N,N,N,N,N,N,N,N,Y,N,N,,,,,,
vendor_osware,@ohos/vendor_osware,N,N,N,N,N,N,N,N,N,N,N,N,N,N,N,N,N,N,N,N,N,N,N,N,N,N,N,N,N,N,N,N,N,N,N,N,N,N,Y,N,N,,,,,,
third_party_iptables,@ohos/third_party_iptables,N,N,N,N,N,N,N,N,N,N,N,N,N,N,Y,N,N,N,N,N,Y,N,Y,Y,N,N,N,Y,N,N,N,N,Y,N,N,N,N,N,N,N,N,,,,,,
device_soc_telink,@ohos/device_soc_telink,N,N,N,N,N,N,N,N,N,N,N,N,N,N,N,Y,N,N,N,N,N,N,N,N,N,N,N,N,N,N,N,N,N,N,N,N,N,N,N,N,N,,,,,,
device_board_telink,@ohos/device_board_telink,N,N,N,N,N,N,N,N,N,N,N,N,N,N,N,Y,N,N,N,N,N,N,N,N,N,N,N,N,N,N,N,N,N,N,N,N,N,N,N,N,N,,,,,,
vendor_telink,@ohos/vendor_telink,N,N,N,N,N,N,N,N,N,N,N,N,N,N,N,Y,N,N,N,N,N,N,N,N,N,N,N,N,N,N,N,N,N,N,N,N,N,N,N,N,N,,,,,,
device_soc_amlogic,@ohos/device_soc_amlogic,N,N,N,N,N,N,N,N,N,N,N,N,N,N,N,N,N,N,N,N,N,N,N,N,N,N,N,N,N,N,N,N,N,N,N,N,N,N,N,Y,N,,,,,,
device_board_unionman,@ohos/device_board_unionman,N,N,N,N,N,N,N,N,N,N,N,N,N,N,N,N,N,N,N,N,N,N,N,N,N,N,N,N,N,N,N,N,N,N,N,N,N,N,N,Y,N,,,,,,
vendor_unionman,@ohos/vendor_unionman,N,N,N,N,N,N,N,N,N,N,N,N,N,N,N,N,N,N,N,N,N,N,N,N,N,N,N,N,N,N,N,N,N,N,N,N,N,N,N,Y,N,,,,,,
third_party_mimalloc,@ohos/mimalloc,N,N,N,N,N,N,N,N,N,N,N,N,N,N,Y,N,N,N,N,N,Y,N,Y,N,N,N,N,Y,N,N,N,N,Y,N,N,N,N,N,N,N,N,,,,DmabufAllocTest,DmabufAllocTest,DmabufAllocTest
device_board_lockzhiner,@ohos/device_board_lockzhiner,N,N,N,N,Y,N,N,N,N,N,N,N,N,N,N,N,N,N,N,N,N,N,N,N,N,N,N,N,N,N,N,N,N,N,N,N,N,N,N,N,N,,,,,,
vendor_lockzhiner,@ohos/vendor_lockzhiner,N,N,N,N,Y,N,N,N,N,N,N,N,N,N,N,N,N,N,N,N,N,N,N,N,N,N,N,N,N,N,N,N,N,N,N,N,N,N,N,N,N,,,,,,
device_soc_hpmicro,@ohos/device_soc_hpmicro,N,N,N,Y,N,N,N,N,N,N,N,N,N,N,N,Y,N,N,N,N,N,N,N,N,N,N,N,N,N,N,N,N,N,N,N,N,N,N,N,N,N,,,,,,
device_board_hpmicro,@ohos/device_board_hpmicro,N,N,N,Y,N,N,N,N,N,N,N,N,N,N,N,Y,N,N,N,N,N,N,N,N,N,N,N,N,N,N,N,N,N,N,N,N,N,N,N,N,N,,,,,,
vendor_hpmicro,@ohos/vendor_hpmicro,N,N,N,Y,N,N,N,N,N,N,N,N,N,N,N,Y,N,N,N,N,N,N,N,N,N,N,N,N,N,N,N,N,N,N,N,N,N,N,N,N,N,,,,,,
third_party_opencl-headers,@ohos/opencl_headers,N,N,N,N,N,N,N,N,N,N,N,N,Y,Y,Y,N,N,N,N,N,Y,Y,Y,N,N,N,N,Y,N,N,N,Y,Y,N,Y,N,N,N,N,N,N,,,,,,
third_party_vulkan-headers,@ohos/vulkan-headers,N,N,N,N,N,N,N,N,N,N,N,N,N,N,Y,N,N,N,N,N,Y,N,Y,Y,N,N,N,Y,N,N,N,Y,Y,N,N,N,N,N,N,N,N,,,,"EventLogTest
deviceauth_llt","EventLogTest
deviceauth_llt","EventLogTest
deviceauth_llt"
security_crypto_framework,@ohos/security_crypto_framework,N,N,N,N,N,N,N,N,N,N,N,N,N,N,Y,N,N,N,N,N,Y,N,Y,Y,N,N,N,Y,N,N,N,Y,Y,N,N,N,N,N,N,N,N,,,,crytpo_framework_test,crytpo_framework_test,crytpo_framework_test
device_board_openvalley,@ohos/device_board_openvalley,N,N,Y,N,N,N,N,N,N,N,N,N,N,N,N,N,N,N,N,N,N,N,N,N,N,N,N,N,N,N,N,N,N,N,N,N,N,N,N,N,N,,,,,,
vendor_openvalley,@ohos/vendor_openvalley,N,N,Y,N,N,N,N,N,N,N,N,N,N,N,N,N,N,N,N,N,N,N,N,N,N,N,N,N,N,N,N,N,N,N,N,N,N,N,N,N,N,,,,,,
device_soc_esp,@ohos/device_soc_esp,N,N,Y,N,N,N,N,N,N,N,N,N,N,N,N,N,N,N,N,N,N,N,N,N,N,N,N,N,N,N,N,N,N,N,N,N,N,N,Y,N,N,,,,,,
third_party_llvm-project,@ohos/llvm-project,N,N,N,N,N,N,N,N,N,N,N,N,N,N,N,N,N,N,N,N,N,N,N,N,N,N,N,N,N,N,N,N,N,N,N,N,N,N,N,N,Y,,,,,,
third_party_lldb-mi,@ohos/lldb-mi,N,N,N,N,N,N,N,N,N,N,N,N,N,N,N,N,N,N,N,N,N,N,N,N,N,N,N,N,N,N,N,N,N,N,N,N,N,N,N,N,Y,,,,,,
security_certificate_manager,@ohos/security_certificate_manager,N,N,N,N,N,N,N,N,N,N,N,N,N,N,Y,N,N,N,N,N,Y,N,Y,Y,N,N,N,Y,N,N,N,Y,Y,N,N,N,N,N,N,N,N,,,,cm_sdk_test,cm_sdk_test,cm_sdk_test
security_privacy_center,@ohos/security_privacy_center,N,N,N,N,N,N,N,N,N,N,N,N,N,N,Y,N,N,N,N,N,Y,N,Y,Y,N,N,N,Y,N,N,N,Y,Y,N,N,N,N,N,N,N,N,,,,,,
multimedia_av_session,@ohos/multimedia_av_session,N,N,N,N,N,N,N,N,N,N,N,N,N,N,Y,N,N,N,N,N,Y,N,Y,Y,N,N,N,Y,N,N,N,N,Y,N,N,N,N,N,N,N,N,,,,,,EventLogTest
third_party_mesa3d,@ohos/third_party_mesa3d,N,N,N,N,N,N,N,N,N,N,N,N,N,N,N,N,N,N,N,N,N,Y,N,N,N,N,N,N,N,N,N,N,N,N,N,N,N,N,N,N,N,,,,"EventLogTest
deviceauth_llt","EventLogTest
deviceauth_llt","EventLogTest
deviceauth_llt"
kernel_common_modules_newip,@ohos/kernel_common_modules_newip,N,N,N,N,N,N,N,N,N,N,N,N,N,Y,Y,N,N,N,N,N,Y,N,N,Y,N,N,N,Y,N,N,N,N,Y,N,N,N,N,N,N,N,N,,,,,,
device_board_kaihong,@ohos/device_board_kaihong,N,N,N,N,N,N,N,N,N,N,N,N,N,N,N,N,N,N,N,N,N,N,N,N,N,N,N,Y,N,N,N,N,N,N,N,N,N,N,N,N,N,,,,,,
vendor_kaihong,@ohos/vendor_kaihong,N,N,N,N,N,N,N,N,N,N,N,N,N,N,N,N,N,N,N,N,N,N,N,N,N,N,N,Y,N,N,N,N,N,N,N,N,N,N,N,N,N,,,,,,
ai_neural_network_runtime,@ohos/neural_network_runtime,N,N,N,N,N,N,N,N,N,N,N,N,N,N,N,N,Y,N,N,N,Y,Y,Y,Y,N,N,N,Y,Y,N,N,N,Y,N,N,N,N,N,N,N,N,,,,,"EventLogTest
deviceauth_llt","EventLogTest
deviceauth_llt"
third_party_libbpf,@ohos/libbpf,N,N,N,N,N,N,N,N,N,N,N,N,N,N,Y,N,N,N,N,N,Y,N,Y,Y,N,N,N,Y,N,N,N,Y,Y,N,N,N,N,N,N,N,N,,,,"EventLogTest
deviceauth_llt","EventLogTest
deviceauth_llt","EventLogTest
deviceauth_llt"
third_party_vk-gl-cts,@ohos/vk-gl-cts,N,N,N,N,N,N,N,N,Y,N,Y,Y,Y,Y,Y,N,N,Y,Y,Y,Y,N,Y,Y,N,N,N,Y,Y,Y,Y,Y,Y,Y,Y,Y,N,N,N,N,N,,,,"EventLogTest
deviceauth_llt","EventLogTest
deviceauth_llt","EventLogTest
deviceauth_llt"
third_party_spirv-tools,@ohos/spirv-tools,N,N,N,N,N,N,N,N,Y,N,Y,Y,Y,Y,Y,N,N,Y,Y,Y,Y,N,Y,Y,N,N,N,Y,Y,Y,Y,Y,Y,Y,Y,Y,N,N,N,N,N,,,,"EventLogTest
deviceauth_llt","EventLogTest
deviceauth_llt","EventLogTest
deviceauth_llt"
third_party_glslang,@ohos/glslang,N,N,N,N,N,N,N,N,Y,N,Y,Y,Y,Y,Y,N,N,Y,Y,Y,Y,N,Y,Y,N,N,N,Y,Y,Y,Y,Y,Y,Y,Y,Y,N,N,N,N,N,,,,"EventLogTest
deviceauth_llt","EventLogTest
deviceauth_llt","EventLogTest
deviceauth_llt"
third_party_spirv-headers,@ohos/spirv-headers,N,N,N,N,N,N,N,N,Y,N,Y,Y,Y,Y,Y,N,N,Y,Y,Y,Y,N,Y,Y,N,N,N,Y,Y,Y,Y,Y,Y,Y,Y,Y,N,N,N,N,N,,,,"EventLogTest
deviceauth_llt","EventLogTest
deviceauth_llt","EventLogTest
deviceauth_llt"
